question,answer,intent
자장면 1인분 배달 가능한가요?,죄송하지만 2인분 이상 주문하셔야 배달 가능합니다,1인분배달문의
혹시 1인분도 배달 가능한가요,네 물론입니다,1인분배달문의
짜장면 한 그릇도 배달되나요?,아니요 만 원 이상 되어야지 배달 가능합니다,1인분배달문의
짜장면 1인분 배달 가능한가요?,죄송하지만 1인분은 배달이 안 됩니다,1인분배달문의
한 그릇도 주문 가능한가요?,네 주문해주세요,1인분배달문의
짜장면 1인분만 배달 가능한가요?,네 가능한데 배달료가 붙습니다,1인분배달문의
네 수고하십니다 저 죄송하지만 배달은 2인분 이상 가능하죠?,주문 단위가 인분이 아니고 저희는 한 마리요,1인분배달문의
맛있게 해주세요,단골이신데 당연하지요,null
어떻게 아셨어요?,자주 주문 헤드 시는 분이라고 뜨네요,null
왜요?,양념치킨용 양념이 다 떨어져서요,null
그럼 다음에 주문할게요,알겠습니다,null
짜장면 한 그릇에 얼마에요?,4000원입니다,가격문의
불고기 피자 치킨세트 얼마인가요?,21900원입니다,가격문의
치킨무 1개 더 추가하면 추가 금액이 얼마에요?,개당 500원입니다,가격문의
프라이드 한 마리에 얼마에요?,15000원입니다,가격문의
탕수육 중자 얼마예요?,만 오천 원입니다,가격문의
하와이안 피자 라지는 얼만가요?,이만 삼천 원입니다,가격문의
네 얼마에요?,21000원입니다,가격문의
짬뽕 하나와 간짜장 탕수육 작은 거 시키려는데 얼마죠?,27000원입니다,가격문의
프라이드치킨 한 마리 얼마인가요?,16000원입니다,가격문의
그건 얼마예요?,15000원입니다,가격문의
짜장면 한 그릇에 얼마에요?,5500원입니다,가격문의
프라이드 양념 반반 치킨 가격 어떻게 되나요?,20000원입니다,가격문의
홍합 짬뽕은 얼마인가요?,6500원입니다,가격문의
콜라 큰 거 추가하면 얼마인가요?,오늘은 서비스로 드릴게요,가격문의
그럼 그냥 짜장면 곱빼기 하나는 가격이 얼마인가요,5천 원입니다,가격문의
16000원 맞죠,아 손님 죄송한데 저희가 세트 가격을 올리게 돼서 20000원입니다,가격문의
추가하려면 얼마인가요?,각각 500원씩이에요,가격문의
빅맥세트 얼마에요?,6300원입니다,가격문의
짜장면 가격이 얼마죠?,6000원입니다,가격문의
짜장면과 탕수육 세트는 얼마인가요?,13000원입니다.,가격문의
짜장면 한 그릇에 얼마인가요?,4500원입니다.,가격문의
프라이드는 얼마예요?,만 원입니다,가격문의
추가로 스파게티 주문하려는데 크림소스 스파게티 하나에 얼마나 하나요?,7800원입니다,가격문의
황금올리브 속안심 하나 얼마인가요?,네 17000원입니다,가격문의
그럼 총 얼마인가요?,총 15500원입니다.,가격문의
탕수육 소짜리는 얼마죠?,15000원입니다,가격문의
볶음밥은 얼마인가요?,6000원입니다,가격문의
가격이 어떻게 되죠?,총 2만 3천 원입니다.,가격문의
짜장면 한 그릇에 얼마에요?,4000원입니다,가격문의
그럼 총 얼마인가요?,3만 5천 원입니다,가격문의
네 얼마인가요?,네 22000원입니다,가격문의
슈프림 피자 미디엄 사이즈 가격 알 수 있을까요?,만 오천 원입니다.,가격문의
짜장면 한 그릇에 얼마에요?,6000원입니다,가격문의
가격은 얼마인가요?,네 삼만 원입니다,가격문의
팝콘치킨하고 프라이드치킨 합해서 얼마죠?,31000원입니다,가격문의
팝콘치킨은 얼마죠?,12000원입니다,가격문의
짜장면 한 그릇에 얼마인가요?,4500원입니다,가격문의
미트볼 스파게티는 얼마죠?,6000원이요,가격문의
슈림프 핫치킨 골드 피자는 31000원이네요?,네 라지가 31000원입니다,가격문의
고구마 피자 라지 28000원 레귤러가 24000원 이에요?,네,가격문의
콤비네이션 피자는 큰 건 얼마에요?,큰 거는 15900원이요,가격문의
레귤러 라지 각각 얼마에요?,라지가 2만 원이고 레귤러는 18000원입니다,가격문의
콜라 작은 거 500ml는 얼마에요?,콜라 작은 거 1500원이고 큰 거는 1800원요,가격문의
그러면은 3~4인용 얼마에요?,3~4인용 기준으론 26000원이요,가격문의
피자 끝에 치즈 들어가고 그런 거는 얼마에요?,크러스트 하시면 2000원 추가요,가격문의
피자는 다 8000원에 동일 금액인가요?,아니에요 6000원부터 13000원까지 있어요,가격문의
1.25리터 한 병은 얼마에요?,2000원이에요,가격문의
고구마 피자는 어떻게 해요 가격이 예?,8000원입니다,가격문의
네 그거는 가격이 어떻게 해 예?,라지는 41000원 치즈캡 안 하면 36500원요,가격문의
치즈 크러스트는 추가하면 가격 얼마에요?,슈림프로 라지로 하면 39400원입니다,가격문의
미디엄은 얼마에요?,피자에 따라 가격이 다 다릅니다,가격문의
새우 탕수육 작은 건 얼만데요?,소자 이만 오천 원요,가격문의
탕수육은 그럼 얼마에요?,만 오천 원요,가격문의
나 홀로 세트는 얼마에요?,만 칠천 원요,가격문의
깐풍 육운 그럼 얼마죠?,25000원이요,가격문의
차돌박이 짬뽕은 얼만데요?,7000원요,가격문의
대자는 얼마에요?,대자는 25000원요,가격문의
5000원 차이네요?,네,가격문의
유산슬은 얼마입니까?,작은 건 30000원 큰 거는 35000원입니다,가격문의
양장피는 가격이 어떻게 해요?,작은 거는 30000원이고요 큰 거는 35000원입니다,가격문의
그냥 짜장은요?,5000원이요,가격문의
그러면 간짜장이 더 비싸겠는데 얼마에요?,6000원이요,가격문의
그거는 가격대가?,치즈 크러스트는 판다 삼천 원 추가입니다,가격문의
가격은 얼마인가요?,"한 판에 이만 사천구백 원, 두 판에 삼만 팔천구백 원입니다",가격문의
얼마에요?,만 사천구백 원입니다,가격문의
아 그래요 프라이드 플러스 슈프림 치킨 반반하면 얼마죠?,19000원이요,가격문의
아 간장치킨 가격은 얼만데요?,한 마리에 종류 하나만 하시면 만 구천 원이고 만약에 한 마리에 두 가지 맛 하시면 이만 원입니다,가격문의
가격은 얼마에요?,미디엄은 14000원 라지는 17000원입니다,가격문의
라지는 가격대는 어떻게 되나요?,"라지 29500원, 27500원, 24900원짜리 있습니다",가격문의
한 판은 가격이 얼마에요?,한 판은 작은 거 14000원입니다,가격문의
작은 거는 얼마이고 큰 거는 얼마에요?,두 판에 21000원 27000원입니다,가격문의
가격은?,앞에는 약간 단가 있는 거 뒤에는 무난하게 많이들 드시는 거입니다,가격문의
벌집 피자는 라지 사이즈는 얼마지요?,만 칠천 원이에요,가격문의
대자 두 개 얼마죠?,이만 칠천 원이요,가격문의
사십 프로 할인하면 얼마인가요?,이만 구백사십 원이요 큰 거,가격문의
가격은 얼마 얼마 있어요?,튀김은 17000원이고요 찜닭은 20000원입니다,가격문의
순살도 마찬가지네요 가격은?,아뇨 순살은 2천 원 추가되세요,가격문의
그럼 뼈 있는 건 얼마에요?,소 중 대 나눠져 있거든요 소가 17000원 중 24000원 대 35000원이요,가격문의
그거 가격이 얼마에요?,만 팔천 원요,가격문의
네 그것도 가격이 똑같아요?,빵을 필요 없다고 하시면 치킨만 하는 경우에는 20900원이고요 빵이 들어가면 21900원이고요,가격문의
그럼 가격은요?,가격은 22900원입니다,가격문의
프라이드는 얼마에요?,프라이드하고 다른 거 선택하면 그것도 19000원입니다,가격문의
가격이 얼마에요 몇 인분이고?,19000원요 뭐 고등학생들은 세 네 명 먹더라고요,가격문의
예 그럼 가격대가 어떻게  되나요?,21000원부터 한 마리 한 마리 반은 29000원입니다.,가격문의
가격은 얼마인가요?,뼈는 22000원이고요 순살은 24000원이에요,가격문의
그 저 여기 양념 된 거 하고 안된 거 하고 프라이드는 얼마에요?,"프라이드는 18000원, 양념은 19500원이요",가격문의
퀵 빈랑 그게 없이 그 가격이에요? 19000원이었던가 17000원이었던가,"순살은 20000원, 뼈 있는 거는 18000원입니다",가격문의
매운 거는 고추장 빨간색 들어간 거. 그거는 더 비싸요?,네 양념이 비싸요,가격문의
날개하고 봉 그건 얼마지요?,네 간장 같으면 19000원이고요 매운 거는 20000원입니다,가격문의
콜라는요?,1.5리터짜리는 2500원 작은 거는 1500원이에요,가격문의
포장 시 무를 추가하면 얼마인가요?,500원씩 추가하시면 됩니다.,가격문의
프라이드 세 마리하고 양념 두 마리 하면 얼마죠?,프라이드는 한 마리에 12000원이고요 양념은 14000원입니다.,가격문의
가격대는 얼마부터 얼마까지 있어요?,일반 짬뽕은 6000원이고 얼큰이 하고 삼선짬뽕은 8000원씩이고 해물짬뽕은 12000원 생굴 짬뽕은 11000원이에요,가격문의
그러면 4인 가족이 먹을 수 있는 걸로 짬뽕이랑 섞여서 가격대는 얼마 정도 지불해야 돼요?,짬뽕 두 개 나가고 미니 탕수육 세트는 18000원이에요,가격문의
그러면 짬뽕은 한 그릇에 얼마나 해요?,짬뽕은 5500원요,가격문의
그거는 가격이 얼마에요?,35000원씩요,가격문의
세트 메뉴로 된 거는 가격이 얼마에요?,짜장면 두 개 있는 세트 메뉴는 18000원이에요,가격문의
해물 짬뽕 세트는 얼마에요?,세트로 하시면 24000원요,가격문의
예 얼마 정도 해요?,해물짬뽕 보통 7500원짜리가 있어요,가격문의
중자는 얼마에요?,중자는 2만 2천 원요,가격문의
언제부터 올랐어요?,설날부터요,가격변경문의
동구는 그러면 어디로 걸어야 돼요?,1588-3082입니다,거주지역매장문의연락처
네 카드로 결제할게요,네 감사합니다,결제방식선택
그런데 제가 현금이 천 원밖에 없는데 어쩌죠?,그러면 천 원은 현금으로 주시고 이천 원은  배달원에게 바로 계좌이체해주시면 돼요,결제방식선택
카드로 결제하겠습니다,감사합니다,결제방식선택
카드 결제 가능하죠?,네 가능합니다,결제방식선택
추가요금까지 함께해서 카드 결제할게요,네 쿠폰 사용은 현금결제 시에 만 가능한 점 양해 바랍니다,결제방식선택
네 그럼 그렇게 해서 갖다 주시고 결제는 카드로 할게요,네 단말기 챙겨서 가겠습니다,결제방식선택
만나서 카드 결제할게요,네 16500원입니다,결제방식선택
네 배달 오시면 카드로 결제할게요,알겠습니다,결제방식선택
현금결제할게요,16000원입니다,결제방식선택
카드로 결제 가능하죠?,네 가능합니다,결제방식선택
허니치킨 콤보는 카드로 결제할게요,네 총 24000원입니다,결제방식선택
카드 결제로 할게요,네 감사합니다,결제방식선택
네 카드 결제하겠습니다,네 할인받으셔서 2만 7천 원입니다,결제방식선택
5만 원권인데 괜찮은가요?,네 상관없습니다,결제방식선택
결제는 카드로 할 거예요,네 한 30분 정도 기다리셔야 돼요,결제방식선택
카드 결제로 가능하죠?,네 카드 결제 가능합니다,결제방식선택
카드 결제할게요,네,결제방식선택
카드 결제 가능할까요?,네 가능하세요,결제방식선택
카드 결제할게요,알겠습니다,결제방식선택
카드로 계산해도 될까요?,네 그럼요,결제방식선택
현금으로 결제해야 하나요?,네,결제방식선택
예 카드로 할게요,30분 안에 가져다드릴게요,결제방식선택
카드 결제 가능하죠?,가능합니다,결제방식선택
카드 결제로 할게요,네 알겠습니다,결제방식선택
카드 결제되죠?,네 가능합니다,결제방식선택
카드로 계산하려고 하는데 가능한가요?,네 카드로 계산 가능합니다,결제방식선택
카드로 결제할게요,알겠습니다,결제방식선택
그러면 계좌이체도 될까요?,네 가능합니다,결제방식선택
카드 결제되나요?,네,결제방식선택
카드 결제하겠습니다,네 카드 기계 갖고 가겠습니다,결제방식선택
결제를 카드로 해도 될까요?,네 그럼요,결제방식선택
감사합니다. 카드 결제할게요.,카드 결제 확인했습니다.,결제방식선택
현금으로 결제할게요,네 알겠습니다,결제방식선택
카드는 가능하죠?,네 가능합니다,결제방식선택
애들 학교에 어떤 간식 잘 나가 예?,아무래도 애들이다 보니까 달콤한 맛 간장치킨 맛 순살로 선호하는 편이에요,결제방식선택
카드도 결제되지 예?,네 됩니다,결제방식선택
지금 카드 되죠?,네 됩니다,결제방식선택
카드는 되죠?,네 카드 결제 가능하세요,결제방식선택
카드도 되죠?,네 카드 가능해요,결제방식선택
결제는 그러면 카드로 하나요 아니면 현금?,카드나 현금이나 원하는 대로 하시면 됩니다,결제방식선택
현금으로 하지 싶은데 그럼 자동이체하면 되겠다,네 그래도 됩니다.,결제방식선택
카드로 하는 거 하고 현금으로 하는 거 하고 똑같아요?,금액은 똑같아요,결제방식선택
그러면 계산할 때 현금하고 카드만 돼요?,현금밖에 안돼요,결제방식선택
계좌 불러주세요,우리은행 6543217891입니다,계좌번호요청
네 짬뽕 국물도 서비스 부탁드려요,네 넣어드릴게요,국물따로요청
짬뽕 국물도 같이 주실 수 있어요?,네 가능합니다,국물따로요청
국물 먹고 싶어서 그러는데 짬뽕 국물도 같이 가져다주실 수 있으실까요?,네 같이 보내드릴게요,국물따로요청
짬뽕 국물도 같이 주시나요?,네,국물따로요청
짬뽕 국물을 따로 주실 수 있나요?,네. 따로 가능합니다.,국물따로요청
혹시 짜장면에 국물은 안 오죠?,국물은 안 가지요,국물따로요청
치킨 무도 많이 가져다주세요,네 알겠습니다,기본반찬요구
단무지 좀 많이 주세요,걱정하지 마십쇼,기본반찬요구
피클도 많이 주세요,네 알겠습니다,기본반찬요구
치킨무 두 개 부탁드려요,네 알겠습니다,기본반찬요구
양파랑 단무지 많이 넣어주세요,네 알겠습니다,기본반찬요구
무 하나 추가 가능하죠?,네 가능합니다,기본반찬요구
단무지 좀 많이 갖다 주세요,네 알겠습니다,기본반찬요구
치킨무 넉넉히 보내주시고요,알겠습니다,기본반찬요구
피클 추가해 주세요,음료는 콜라 작은 거 나갑니다,기본반찬요구
여기 단무지 좀 더 가져다주세요,네 알겠습니다,기본반찬요구
네. 무 좀 많이 주세요.,"네, 감사합니다.",기본반찬요구
치킨무 많이 가져다주세요,네 감사합니다,기본반찬요구
1개만 주세요,네 총 3만 원입니다,기본반찬요구
단무지 많이 주시고요,아쉽지 않게 넣어드릴게요,기본반찬요구
단무지 좀 많이 가져다주실 수 있을까요?,네 그럼요,기본반찬요구
피클은 서비스로 주시나요?,네 2개 드려요,기본반찬요구
단무지 더 많이 주시면 안 돼요?,큰 거 한 개씩 드릴게요,기본반찬요구
단품하고 피자 두 판 시키는 거 하고 차이가 있나요?,피자나 토핑 양에 대해서는 차이가 없고요. 가격을 조금 할인해드립니다,단품과세트메뉴차이문의
스모크 통다리는 오븐에 구운 건가요?,네 고객님 매운 양념을 발라 오븐에 구운 메뉴입니다,만드는방법문의
육개장은 직접 안 끓였죠?,네,만드는방법문의
숯불로 굽습니까?,네 숯불로 합니다,만드는방법문의
아 그러면 면은 수타에요?,아니요 요즘 수타는 없습니다,만드는방법문의
허니콤 보는 너무 달지 않아요?,안 달아요 인기는 제일 좋아요,맛에대한질문
그게 어떤 맛이에요?,맛은 표현하기 참 어려워요,맛에대한질문
맵죠?,네,맛에대한질문
중화 비빔밥은 좀 덜 짜게 해주시면 안 돼요?,네,맛에대한질문
얼큰 짬뽕은 많이 매워요?,네,맛에대한질문
매운 건 아니죠?,네 그렇게 매운 건 아닙니다. 김치가 볶음김치입니다,맛에대한질문
슈프림요 근데 이게 느끼하지는 않나요?,약간 느끼한 맛도 있어요,맛에대한질문
맵지 않죠?,네 맵지 않아요,맛에대한질문
거기 매운 거밖에 없나요?,순한 것도 있어요,맛에대한질문
아 초등학생들이 먹을 거라서 좀 순하게 해야 돼서,네 그러면 숯불에 순한 맛 하시면 됩니다,맛에대한질문
그러면 맵거나 짜거나 이렇지는 않나요?,불고기요 맵지는 않고 짠 거 못 드시면 조금 짤 수 있어요,맛에대한질문
맵기는 어느 정도 매운 정도나요?,순살 같은 경우에는 주메뉴가 순살 어니언 파닭이라고 나가는 게 있고요,맛에대한질문
얼큰이 짬뽕은 어떤 게 맵기가?,똑같아요 삼선짬뽕에서 조금 얼큰한 게 얼큰이 짬뽕이거든요,맛에대한질문
덜 짜게 해도 해주실 수 있어요?,소스를 덜 발라드릴 수 있어요,맛정도조절요청
근데 좀 안 짜게 할 수 있을까요?,네 소스를 조금 더 적게 뿌려드릴게요,맛정도조절요청
혹시 짜지 않게 간 조절이 되나요?,햄이나 치즈 자체 염분은 조절이 불가해서 힘들 것 같습니다,맛정도조절요청
근데 혹시 조금 덜 짜게 해주실 수 있어요?,네 가능해요 덜 짜게 만들어 드릴게요,맛정도조절요청
아 그래요 그러면 맵기 짜기 이런 거 조절해달라고 말씀드리면 조절도 가능한가요?,네,맛정도조절요청
그래요 그 맵기 정도가 너무 짜거나 매우면 조절도 가능한가요 주문하면?,네 저희는 순한 맛은 안 맵고요 보통맛은 좀 매콤하고 매콤한 맛은 많이 맵고요,맛정도조절요청
네 근데 혹시 맛을 달지 않게도 되나요?,본사에서 내려오니까 안됩니다.,맛정도조절요청
그리고 전화번호가 뭔가요? 제가 자꾸 전화기가 바뀌는 바람에,네 337-7103요,매장연락처문의
여기 위치는 어떻게 되세요?,영조 아파트 2단지 길 건너편에 있어요,매장위치문의
매장 위치가 어떻게 돼요?,반야월 이마트 맞은편 롯데아파트 상가 2층이에요,매장위치문의
그러면 위치 좀 가르쳐 주시면 내일이나 사러 갈게요,구열대 삼거리 건너편 만촌지구대 옆에 있습니다,매장위치문의
아 그럼 거기 월성 보성 이 단지 맞죠?,네,매장위치문의
거기 위치가 어디라 예?,서구청 맞은편이에요,매장위치문의
그럼 위치가 어디쯤 되나요?,평리 이동에 있는 평리 롯데캐슬에 있습니다,매장위치문의
아 상가에 있어요?,그 골목길 올라오시면 있어요,매장위치문의
아 그럼 위치가 어떻게 돼요?,평리 4동 청구아파트 바로 앞에 있거든요,매장위치문의
네 그러면 그 위치가 어디예요?,대구 일 중학교 맞은편에 보시면 신협 건물 있는데요 오피스텔 건물이에요 대성 신협이라고 있는데 그 건물 2층에 있어요,매장위치문의
거기 성화로 맞죠?,네 맞습니다,매장확인
거기 치킨집 맞나요?,네 맞습니다 주문 도와드릴게요,매장확인
거기 교촌치킨 맞나요?,네 교촌치킨입니다,매장확인
거기 교촌치킨 맞죠?,네 맞으니 말씀해주세요,매장확인
거기 치킨집 맞나요?,네 맞습니다,매장확인
거기 피자집이죠?,예 전화받았습니다,매장확인
거기 국빈관이죠?,네 국빈관입니다,매장확인
거기 치킨과 피자 모두 파는 곳이 맞나요?,네 세트 메뉴로 있습니다,매장확인
거기 북경반점인가요?,예 말씀 하세요,매장확인
피자집인가요?,네 맞습니다,매장확인
중국성이죠?,네,매장확인
갈비 통닭집인가요?,네 갈비 통닭집입니다,매장확인
치킨 매장인가요?,네 공공 치킨입니다,매장확인
거기 중국집  쓰촨 성 맞나요?,네 쓰촨 성 맞습니다,매장확인
요리 반점 맞나요?,네 맞습니다,매장확인
거기 피자집이죠,네 피자집입니다,매장확인
거기 크라우드 치킨 맞죠?,네 맞습니다,매장확인
거기 홍콩반점인가요,네 홍콩반점입니다,매장확인
거기 킹왕짱 치킨 노형점 맞나요?,네 맞습니다.,매장확인
거기 네네치킨이죠?,네 맞습니다,매장확인
BBQ 상암점 맞죠?,네 맞습니다,매장확인
거기 중국집이죠?,네 영일 반점입니다,매장확인
거기 성화로 맞죠?,네 맞습니다,매장확인
거기 중화 방이죠?,네 맞습니다,매장확인
중국집인가요?,네 맞습니다,매장확인
OO 반점 맞나요?,네 맞습니다,매장확인
피자집이죠?,네 피자 전문점입니다,매장확인
네네치킨이죠?,네 맞습니다,매장확인
안 볼로 피자 맞죠?,네네 맞습니다,매장확인
중화요리죠?,네,매장확인
거기 중국집이죠?,네,매장확인
예 비비큐 월성점이죠?,네,매장확인
여기가 외동점입니까 내동점입니까?,내외점요,매장확인
거기 하양점이지요?,네. 맞습니다.,매장확인
중국집 아닌가요 반점?,예예 맞아요,매장확인
수고하십니다 반점이죠?,네,매장확인
피자에 치즈 크러스트 추가 시 얼마  추가되나요?,1000원 추가됩니다,메뉴교환시추가가격문의
얼마 추가되나요?,천원 추가됩니다,메뉴교환시추가가격문의
추가 비용은 얼마인가요,1000원입니다,메뉴교환시추가가격문의
감자튀김 사이즈업은 얼마인가요,500원 추가하시면 가능합니다,메뉴교환시추가가격문의
콜라 사이즈업하면 가격이 얼마나 추가되나요?,콜라 사이즈업은 2000원에 가능합니다.,메뉴교환시추가가격문의
그럼 곱빼기는 가격이 얼마가 추가되나요?,1000원 추가됩니다,메뉴교환시추가가격문의
닭 다리로만 구성된 메뉴가 있나요?,프라이드 다리 스모크 통다리 양념 다리 세 가지가 있습니다,메뉴문의
혹시 나가사키 짬뽕 판매하나요?,나가사키 짬뽕은 없고 홍합 짬뽕은 있습니다,메뉴문의
순살도 양념치킨 있나요?,네 그럼요,메뉴문의
혹시 여기 하프 피자 가능한가요?,예 가능합니다,메뉴문의
음료는 몇 가지 있나요,3가지 있습니다,메뉴문의
음료수는 어떤 게 있나요?,탄산음료 주스 커피 가능하십니다,메뉴문의
메뉴가 어떻게 되나요?,프라이드 양념 반반 세 가지 있습니다,메뉴문의
프라이드치킨 순살로도 가능한가요?,가능합니다만 1000원 추가되어 19000원입니다,메뉴문의
프라이드치킨 순살도 있나요?,아니요 프라이드치킨은 순살이 없습니다,메뉴문의
양념치킨 시키려고 하는데 매운맛도 있나요?,맛 조절 가능합니다.,메뉴문의
스파게티도 있나요?,치즈 스파게티와 미트볼 스파게티 있어요,메뉴문의
여기 뭐 콤비네이션 있죠?,콤비네이션하고 비슷한 거는 페퍼디언스가 있습니다,메뉴문의
콤비네이션 피자 뭐 있어요?,콤비네이션 피자로 쫄깃쫄깃한 일반 원형 피자하고 바삭바삭한 슈프림 피자 있어요 네모난 게 저희 매장에서만 나오는 거예요,메뉴문의
13000원짜리는 어떤 건데 예?,13000원짜리는 킹소세지피자라고 소시지들이 많이 들어가요,메뉴문의
해물 짬뽕은?,없어요,메뉴문의
짬뽕은 어떤 종류 있는데요?,짬뽕은 일반 짬뽕하고 차돌박이 짬뽕 두 가지 있습니다,메뉴문의
탕수육은?,탕수육은 대 중 소 다 있습니다,메뉴문의
요리도 다 돼요?,요리는 깐풍 욱하고 깐풍 새우 칠리새우 이거 밖에 없습니다,메뉴문의
혹시 요리도 돼요?,요리 종류도 다 됩니다,메뉴문의
양장피 같은 요리도 있어요?,네,메뉴문의
요리 종류도 있어요?,일반 메뉴 밖에 없어요,메뉴문의
근데 초등학생 애들 잘 먹나요?,네 먹을 수 있습니다,메뉴문의
이것도 단품도 있나요?,네 라지로는 만 천구백 원입니다,메뉴문의
치킨도 있어요?,윙이랑 봉이라고 해서 사이드로 나가는 거고 메인 메뉴로는 없습니다,메뉴문의
이게 콤비네이션인가요?,네 기본 콤비네이션이고요 이탈리안 치즈입니다,메뉴문의
두 개 하면은?,"클래식 피자 두 판 세트, 알파 세트, 레귤러 피자 두 판으로 나오는 세트입니다",메뉴문의
그 슈프림 치킨 있죠?,네 있어요,메뉴문의
뭐 뭐 있는데 예?,순한 맛은 간장 있고 프라이드 있어요,메뉴문의
네 종류가 어떤 거 있나요?,치즈 크러스트 리치골드 신 팬 바이트 페이스트리 이렇게 있습니다,메뉴문의
지금 종류가 어떤 게 있나요?,종류는 기초적인 거 다 있어요 콤비네이션 불고기 포테이토 고구마 고구마무스,메뉴문의
거기 벌집 피자가 있던데 어떤 거예요?,고구마 무스가 벌집 모양으로 올라가는 거예요,메뉴문의
어떤 피자가 있나요?,제일 많이들 찾으시는 거는 불고기나 고구마나 콤비네이션 베이컨 이렇게 네 가지입니다,메뉴문의
블랙 앵거스가 뭐예요?,고기랑 랍스터 볼이 들어가 있어요,메뉴문의
양념이 어떤 거 어떤 거 있어요?,양념은 그 프라이드 양념간장 세 가지 있습니다,메뉴문의
그 메뉴가 어떤 거 어떤 게 있어요?,튀김 종류하고 찜닭하고 있습니다,메뉴문의
그럼 단일 품목 딱 한 개로 배달하는 거예요?,뼈 있는 거랑 순살로만 나눠져 있고요,메뉴문의
종류는 어떤 게 있나요 치킨이?,프라이드 양념간장 그런 거 있어요,메뉴문의
그러면 혹시 여기 찜닭은 안 하죠?,저희는 찜닭 메뉴는 없습니다,메뉴문의
그러면 그 치킨 종류로는 어떤 게 있어요?,치킨 종류요 어 저희가 종류가 좀 많아가지고요,메뉴문의
어떤 메뉴들이 있나요?,간장하고 양념이 제일 많이 나갑니다,메뉴문의
그러면 지금 찜닭 종류로 있나요?,안동찜닭 야채 찜닭 묵은지 찜닭 순살 이렇게 있습니다,메뉴문의
한 마리 순살치킨인가요?,네 순살도 있고 순살은 닭 다리 살만 들어가 있고요 뼈는 한 마리예요,메뉴문의
그러면 여기가 찜닭 종류가 있나요? 종류로는 어떤 게 있어요?,저희는 간장 양념 베이스고요 뼈랑 순살 있어요,메뉴문의
아 별다른 일 없으면 아 그 종류는 뭐 뭐 있죠?,앱이나 인터넷에 굽네치킨 치시면 메뉴 다 나옵니다,메뉴문의
그러면 양념은 한 가지네요? 저번에 자주 시켜 먹었었는데,네 양념은 맞아요 한 가지에요 순살은 좀 보드라운 다리 살이고요,메뉴문의
지고 바가 종류가 몇 가지죠?,네 뼈 있는 거 있고 순살 있고 종류는 두 가지와 소금구이 나가고 그렇습니다,메뉴문의
그러면 날개하고 봉하고. 또 뭐 있나요?,날개하고 봉하고 닭 다리까지 들어간 게 있습니다,메뉴문의
부위별로 하는 거는 없어요?,네 프라이드는 안 합니다,메뉴문의
네 저녁에 손님 오면 시키려고 하는데요. 프라이드 종류는 몇 가지에요? 부위 가요. 전체 닭 한 마리만 하나요?,네 프라이드는 한 마리만 합니다,메뉴문의
그러면 4인 가족이 시켜 먹으려고 하는데 짬뽕 어떻게 시키나요 세트 메뉴도 있나요?,네 명이서 드실 거면 세트보다 탕수육 중자를 시키는 게 낫죠,메뉴문의
짬뽕 종류는 어떤 게 있어요?,일반 짬뽕 얼큰이 짬뽕 부을 짬뽕 해물짬뽕 전복 삼선짬뽕 있어요,메뉴문의
메뉴로 어떤 게 있어요?,중국집에 있는 메뉴는 다 돼요,메뉴문의
다른 데보다 여기 사이즈가 좀 더 커요?,기본적으로 레귤러는 두 분 아니면 세 분까지는 드실 수 있고요 라지는 3~4인용입니다,메뉴사이즈문의
사이즈는 몇 가지로 나와요?,레귤러와 라지 두 가지 있습니다,메뉴사이즈문의
사이즈가 몇 가지 있어요?,지금 사이즈는 1~2인용인 커플 사이즈하고 3~4인용인 패밀리 사이즈 있어요,메뉴사이즈문의
메뉴 나와있는 스티커 하나만 주세요,여기 전단지요,메뉴있는스티커요청
그 메뉴 순살도 있나요?,네 그런데 순살은 1000원 추가됩니다,메뉴정보문의
요즘 광고하는 치킨이 뭐죠?,네 갈비맛 치킨입니다,메뉴정보문의
치즈 크러스트가 가능한 피자는 뭐가 있나요?,페퍼로니 피자와 하와이안 피자가 있습니다,메뉴정보문의
사이드 메뉴엔 뭐가 있나요?,치즈스틱과 핫윙이 있습니다,메뉴정보문의
이벤트 피자는 라지 사이즈인가요?,미디엄 사이즈로 제공됩니다,메뉴정보문의
매운 양념이 아이가 먹기에 매운가요?,네 조금 매울 거예요,메뉴정보문의
요새 TV에서 광고하는 메뉴 시키려고 하는데 해당 메뉴명이 뭐죠?,볼케이노 치킨입니다,메뉴정보문의
맵지는 않겠죠?,네 전혀 맵지 않아요,메뉴정보문의
고구마 피자는 도우 두께가 선택이 되는가요?,도우 두께는 한 종류입니다 사이즈도 라지 하나 있습니다,메뉴정보문의
도우도 얇고 두껍고 선택이 되는가요?,요청하시면 최대한 펴가지고 얇게 해드릴 수는 있어요,메뉴정보문의
사이즈는 뭐 뭐 있어요?,레귤러 라지 있습니다,메뉴정보문의
해물 불 짜장은 어떤 거예요?,해물 들어가는 간짜장식인데 매운 짜잔요,메뉴정보문의
깐풍 육운 안주에요? 식사에요?,안주에요,메뉴정보문의
양념이 깐풍기 양념이랑 비슷한가 봐요?,깐풍 양념으로 돼지고기를 한 번 튀기고 다시 깐풍 양념으로 한 번 더 볶아서 나갑니다,메뉴정보문의
국물 없는 짬뽕은 뭐예요?,야끼 가락국수 같은 겁니다,메뉴정보문의
날개하고 봉은 뭐예요?,사람으로 치면 어깨부터 팔꿈치까지 그것도 날개에요,메뉴정보문의
네 아 날개만 된 게 윙인가요?,날개하고 봉 들어있습니다,메뉴정보문의
그러면 양념 된 거는 부위별로 있고요?,네 간장만 하고 매운맛하고 두 개 있는데 그거는 다리하고 날개만 된 것도 있습니다,메뉴정보문의
마찰이 짬뽕밥은 돼지고기 들어가나요?,짬뽕은 돼지고기 약간씩 들어갑니다,메뉴정보문의
전복 들어가고 여러 가지 또 딴 것도 들어가죠?,네네,메뉴정보문의
전복 들어가는 거는 특해물 짬뽕 시켜야 돼요?,전복 짬뽕 시키면 전복이 들어가죠,메뉴정보문의
슈퍼디럭스랑 슈퍼슈프림이랑 뭐가 달라요?,토핑 차이인데 슈퍼슈프림이 좀 더 채소가 많이 올라갑니다,메뉴차이문의
원형 피자랑 네모난 거는 어떻게 달라요?,원형 피자는 흑미 도우라서 약간 쫄깃쫄깃하고요 네모난 거는 초벌을 두 번 해서 약간 바삭바삭해요,메뉴차이문의
간짜장하고 짜장면하고 차이점이 뭐예요?,짜장은 미리 볶아놓은 거고  간짜장은 주문받고 볶아서 나가는 겁니다,메뉴차이문의
거기 비비큐 오리지널 프라이드랑 황금올리브유 차이가 뭐예요?,같은 겁니다,메뉴차이문의
근데 칠리 탕수육도 있고 사천 탕수육도 있던데 어떤 게 나아요?,학생들은 칠리 좋아하고 일반 어른분들은 일반 탕수육 좋아합니다,메뉴차이문의
아 군만두도 하나 추가요,네 군만두 하나 추가하겠습니다,메뉴추가문의요청
탕수육 작은 사이즈로 하나 부탁드려요,탕수육 추가해서 2만 원입니다,메뉴추가문의요청
윙도 하나 갖다 주세요,윙도 추가해드릴게요,메뉴추가문의요청
그럼 두 개 같이 보내주세요,알겠습니다 총 42000원 카드로 결제해주시면 됩니다,메뉴추가문의요청
혹시 공깃밥도 주문이 되나요?,네 한 공기당 천 원이요,메뉴추가문의요청
맞아요 그리고 짬뽕 한 개 추가요,일반 짬뽕 한 개 추가하시면 총 40000원입니다,메뉴추가문의요청
그럼 세트 2번에 콜라도 갖다 주세요,네 콜라는 그냥 서비스로 드릴게요,메뉴추가문의요청
허니콤보 2개에 콜라 큰 거 하나 추가해주세요,허니콤보 2개 콜라 큰 거 하나 알겠습니다,메뉴추가문의요청
아 군만두도 하나 추가요,네 군만두 하나 추가하겠습니다,메뉴추가문의요청
그리고 저 감자튀김 쿠폰을 모아서 그런데 감자튀김도 같이 주실 수 있나요?,네  감자튀김도 같이 준비해드리겠습니다,메뉴추가문의요청
짬뽕에 공깃밥 추가할게요,8500원입니다,메뉴추가문의요청
탕수육 세트에 자장면 곱빼기 추가되나요?,네 됩니다,메뉴추가문의요청
그러면 공깃밥 추가하면 추가로 돈 드려야 돼요?,네 하나에 천 원이에요,메뉴추가문의요청
얼마나 더해지나요?,5천 원 정도 추가돼요,메뉴추가문의요청
선생님은 별도로 시키려고요,선생님 거는 고구마라든지 포테이토 시키면 괜찮고 애들은 콤비네이션이랑 불고기랑 많이 나가요,메뉴추가문의요청
치즈 없는 피자 주문하면 할인해주시나요?,네 치즈 가격은 빼 드려요,메뉴할인문의
혹시 라지 두 판 하면 할인해주시나요?,따로 할인되는 건 없습니다,메뉴할인문의
네 제가 혹시 요기 요로 주문했는데 배달 할인 7000원이 되나요? 어제까지는 반반인데 오늘 7000원 그러는 거 같던데,네 요기 요로 주문하시면 됩니다,메뉴할인문의
그 프라이드 시킬 건데 요기요 통하면 50프로 디시 된다 하던데,그 문의는 저희 쪽 말고 요기요에 물어보세요,메뉴할인문의
머스터드는 안 주셔도 되거든요 그러면 가격이 할인되나요?,아니요 할인 같은 건 안되고요,메뉴할인문의
그러면 무를 빼면 가격 할인이 안 되나요?,그렇게 안돼요 정해진 가격대로 받아야 돼요,메뉴할인문의
허니 오리지널은 쿠폰 사용되나요?,허니 오리지널은 쿠폰 사용하시면 1000원 추가됩니다,무료쿠폰사용
프라이드치킨은 쿠폰으로 결제할게요,쿠폰 10장 미리 준비해주세요,무료쿠폰사용
네 그리고 스파게티 쿠폰 3장 있는데 다 쓸 수 있나요?,아니요 쿠폰은 주문 당 한 장만 쓸 수 있습니다,무료쿠폰사용
탕수육 쿠폰을 쓸 수 있나요?,네 결제 시 같이 주세요,무료쿠폰사용
콜라하고 무료 조각 쿠폰 이런 거 3개 있는데,하나씩 사용 가능하세요,무료쿠폰사용
양념 반 오리지널 반으로 되나요?,네 됩니다,반반메뉴문의
프라이드 반 양념 반 되나요?,네 물론 가능합니다.,반반메뉴문의
순살로 주문하려고 하는데 뼈 있는 거 반반씩 가능할까요?,순살로만 주문이 가능하십니다.,반반메뉴문의
쿠폰은 몇 개와요?,2개 이상 시키면 3장씩 드려요,받는쿠폰수문의
짜장면 2개 배달말고 찾으러 갈 건데 언제까지 가면 되나요?,20분 뒤에 오시면 됩니다,방문포장문의요청
너무 오래 걸리는데 혹시 방문 포장 가능하나요?,아뇨 배달 주문만 합니다,방문포장문의요청
저 방문해서 가져가겠습니다,그럼 방문포장이므로 2000원 할인됩니다,방문포장문의요청
얼마 이상 구매해야 배달 가능한가요?,만 원 이상 구매하시면 배달해드립니다,배달가능금액문의
한 판은 주문이 불가능한가요?,아뇨 가능하세요,배달가능금액문의
지금 주문되나요?,네,배달가능문의
안녕하세요 주문되나요?,네 하시면 됩니다,배달가능문의
지금 짜장면이랑 짬뽕 배달되나요?,짬뽕 재료가 다 떨어져서 짜장면만 가능하세요,배달가능문의
지금 배달되나요?,네 가능합니다,배달가능문의
지금 배달되나요?,네 지금 됩니다,배달가능문의
지금 배달 가능한가요?,가능합니다,배달가능문의
지금 배달되나요?,네 가능합니다,배달가능문의
지금 배달 가능한가요?,네 가능하십니다,배달가능문의
지금 배달 가능한가요?,가능합니다,배달가능문의
지금 배달되나요?,네 가능합니다,배달가능문의
지금 배달되나요?,네 가능합니다,배달가능문의
배달 가능한가요?,네 주문받겠습니다,배달가능문의
지금 배달 가능한가요?,네 배달 가능합니다,배달가능문의
피자 지금 배달 가능한가요,네 가능합니다,배달가능문의
지금 배달하시나요?,네 말씀 하세요,배달가능문의
지금 배달 가능 시각인가요?,가능하세요,배달가능문의
지금 배달되나요?,네 11시까지 배달됩니다,배달가능문의
배달도 되나요?,네 배달도 해드립니다,배달가능문의
지금 배달 가능합니까?,가능한데 주문이 밀려있어서 시간이 조금 걸려요,배달가능문의
바쁜가 보네요,예 저녁시간이라 주문이 밀려있어요,배달가능문의
주문되나요?,네 가능합니다,배달가능문의
지금 배달 가능한가요?,네 가능합니다.,배달가능문의
배달 가능한가요?,네 배달됩니다,배달가능문의
지금 배달되나요?,네,배달가능문의
9시 넘었는데 지금도 배달되나요?,네 됩니다,배달가능문의
지금 배달되나요?,네. 지금 가능합니다.,배달가능문의
거기 배달되시지요?,네 배달됩니다,배달가능문의
외동인데 배달되나요?,네,배달가능문의
외동 배달되나요?,네 가능하세요,배달가능문의
지금 배달돼요?,네,배달가능문의
아 그러면 열두 시부터 배달은 돼요?,네 저녁 열두시까지 가능해요,배달가능문의
아 그럼 배달도 되고 예?,네 배달됩니다,배달가능문의
피자 배달되나요?,네,배달가능문의
지금 배달되나요?,네,배달가능문의
배달 가능한가요?,네,배달가능문의
네 수고하십니다 저 지금 죄송하지만 배달 가능한가요,네 가능하십니다,배달가능문의
지금 배달 가능한가요?,네,배달가능문의
지금 배달되나요?,네,배달가능문의
수고하십니다 반점이죠 배달 가능한가요?,네,배달가능문의
배달되나요?,지금 끝났는데요 죄송해요,배달가능문의
배달 가능한가요?,예,배달가능문의
수고하십니다 죄송하지만 배달되나요?,네,배달가능문의
지금 배달 가능한가요?,네 말씀 하세요,배달가능문의
중국집 명성 누죠? 배달 지금 가능한가요?,예 배달 가능합니다,배달가능문의
배달하고 포장하고 가격은 달라요?,틀리죠,배달과포장가격차이문의
배달비는 따로 있나요?,없습니다,배달비문의
요즘 배달비 따로 있나요?,네 2천 원 있습니다,배달비문의
배달비는 얼마에요?,5000원입니다,배달비문의
혹시 추가되는 배달비가 있나요?,추가되는 배달비 없습니다,배달비문의
배달비가 있나요?,배달비 2000원입니다.,배달비문의
배달료는 얼마인가요?,2000원입니다,배달비문의
배달료도 또 있죠?,네 왜 돈은 배달료 500원 추가세요.,배달비문의
배달료가 있어요?,네 배달 팁 500원 있어요 그래서 총 25200원입니다,배달비문의
배달료도 따로 드려야 되는가요?,기본적으로 배달은 안 되고요 단체 배달만 가능해요,배달비문의
퀵비 따로 드려야 되나요?,아뇨 배달료는 저희가 부담합니다,배달비문의
배달료가 있는 거네요?,홀에서 드시는 거하고 배달 나가는 거 하고 가격과 양이 틀립니다,배달비문의
아 그러면 배달료는 받나요?,저희는 없습니다,배달비문의
배달료 따로 받아요?,네,배달비문의
요기 배달료 포함인가요?,아니요,배달비문의
그럼 통닭 값이랑 거기다가 오천 원 더 들어간다는 거죠?,네,배달비문의
그럼 퀵은 배송비 얼마 들어요?,퀵비 오천 원 들죠,배달비문의
배달하면 배달료 따로 있나요?,아뇨 따로 없는데 배달하시면 이십 분 더 걸려요,배달비문의
배달료 얼마 받는데요?,배달비 그 거리마다 다르고 기본 이천 원이에요.,배달비문의
혹시 배달료 따로 받나요?,네,배달비문의
아 혹시 배달료 따로 받던데 배달료는 있나요?,저희 매장은 현재는 없습니다,배달비문의
그럼 배달료 따로 받던데 받나요?,아뇨 똑같이 해요,배달비문의
원대동인데 주문할 때 배달비 드려야 되나요?,원대동은 배달비 천원 있습니다,배달비문의
배달비 따로 있어요?,없습니다,배달비문의
배달비 따로 드려야 되나요?,아뇨 배달비는 따로 없습니다,배달비문의
배달하면 배달료 따로 붙나요?,배달료는 따로 없습니다,배달비문의
배달비는 따로 드려야 돼요?,아니요 배달비는 따로 없습니다,배달비문의
배달비는 따로 드려야 되나요?,아니요 그런 거 없어요,배달비문의
그러면 배달비는 따로 드려야 돼요?,아니요 그런 거 없어요,배달비문의
아 그러면 배달비도 따로 내야 되나요?,배달비는 없습니다,배달비문의
혹시 배달 얼마나 걸리나요?,지금 주문이 조금 밀려서 40분 정도 걸릴 거 같아요,배달시간문의
배달은 얼마나 걸리나요?,네 30분에서 40분 정도 걸릴 예정입니다,배달시간문의
네 배달은 얼마나 걸리나요?,30분 정도 걸립니다,배달시간문의
네 혹시 배달시간은 얼마나 걸릴까요?,지금 주문이 밀려서 50분 정도 걸릴 것 같아요,배달시간문의
배달 오는 데까지 몇 시간 걸리나요?,50분 정도 걸립니다,배달시간문의
소요시간은 대략 어느 정도 걸리나요?,지금으로부터 50분 이내에 배달됩니다,배달시간문의
얼마나 걸릴까요?,40분 정도 소요됩니다,배달시간문의
얼마나 걸리나요?,30분 정도 걸려요,배달시간문의
지금 주문하면 언제쯤 배달되나요?,30분쯤 뒤에 배달됩니다,배달시간문의
네  그럼 그걸로 주시고 시간은 얼마나 걸리죠?,한 20분 정도 걸립니다,배달시간문의
30분 안에 배달 가능할까요?,네 신속한 배달해드리겠습니다,배달시간문의
네 배달 시간은 얼마나 걸리나요?,30분 정도 걸릴 예정입니다,배달시간문의
그렇게나 많이 기다려야 해요?,네 지금 배달업체도 비상이에요,배달시간문의
얼마나 기다리면 될까요?,1시간 30분에서 2시간 정도 될 거 같은데요,배달시간문의
얼마나 걸리나요?,40분 소요됩니다,배달시간문의
몇 시쯤 오실까요?,1시간 30분 후에 도착해서 전화드리겠습니다,배달시간문의
치킨 한 마리 피자 한 판 주문하면 얼마나 걸리나요?,오늘 연휴 기간이라 1시간 이상 걸립니다,배달시간문의
지금 주문하면 얼마나 걸려요?,40분 정도 걸립니다,배달시간문의
30분 안에 배달되나요?,네 금방 가져다드릴게요,배달시간문의
얼마나 걸리나요?,지금 주문이 조금 밀려있어서 30분 정도 걸리세요,배달시간문의
네 혹시 얼마나 걸리나요?,지금부터 한 20분 정도 소요됩니다,배달시간문의
배달 시간은 얼마나 걸리나요?,30분 정도 걸립니다,배달시간문의
시간은 어느 정도 걸릴까요?,대략 30분 정도 예상해주세요,배달시간문의
왜 늦을 수도 있어요?,죄송합니다 주문이 밀려서요,배달시간문의
지금 주문하면 얼마나 걸릴까요?,40분 정도 소요됩니다,배달시간문의
얼마나 걸리나요?,1시간 정도 예상됩니다,배달시간문의
피자 주문하면 얼마나 걸릴까요?,1시간 정도 걸릴 거 같아요,배달시간문의
시간은 얼마나 걸릴까요?,30분 정도 걸립니다,배달시간문의
얼마나 걸릴까요?,지금 점심시간이라 주문이 밀려서 30분 정도 걸릴 것 같아요,배달시간문의
얼마나 걸릴까요?,1시간 안으로는 무조건 배달됩니다,배달시간문의
네 얼마나 걸릴까요?,1시간 이내로 도착합니다,배달시간문의
그렇게나 오래 걸리나요,오늘 축구 때문에 다른데도 다 비슷할 거예요,배달시간문의
얼마나 걸려요?,한 30분 정도요?,배달시간문의
지금 배달하면 얼마나 걸리나요,50분 정도 걸립니다,배달시간문의
음료는 필요 없는데 얼마나 걸려요?,30분 안에 배달 갑니다,배달시간문의
시간은 얼마나 걸리나요?,40분 정도 걸립니다,배달시간문의
시간 얼마 정도 걸릴까요?,30분에서 1시간 정도 걸리십니다,배달시간문의
대충 얼마나 걸리나요?,30분 정도 걸립니다,배달시간문의
얼마나 걸려요?,30분 정도요,배달시간문의
오시는데 얼마나 걸리나요?,30분 정도 걸릴 것 같아요,배달시간문의
배달시간이 얼마나 걸리나요?,40분에서 50분 정도 걸립니다,배달시간문의
공덕동까지 배달 오시는데 몇 분 정도 걸리나요?,20분 정도 걸려요,배달시간문의
도착하는 데 얼마나 걸리나요?,40분 소요 예정입니다.,배달시간문의
배달 소요 시간은요?,30분입니다,배달시간문의
네 얼마나 걸리나요?,한 25분에서 30분 걸릴 것 같아요,배달시간문의
아직 배달이 안 왔는데 언제쯤 도착하나요?,방금 출발해서 곧 도착 예정입니다.,배달시간문의
지금 주문하면 얼마나 걸리나요?,30분 정도 걸립니다.,배달시간문의
얼마나 걸릴까요?,30분 정도 기다리셔야 합니다.,배달시간문의
배달은 얼마나 걸리나요?,30분 내로 가능합니다,배달시간문의
얼마나 걸릴까요?,40분 정도 걸립니다,배달시간문의
배달 시간은 얼마나 걸리나요?,현재 30분 정도 예상됩니다.,배달시간문의
지금 치킨 시키면 얼마나 걸릴까요?,주문량이 많아서 1시간 30분 정도 걸릴 거 같습니다,배달시간문의
대우아파트 1동 105호인데 배달이 얼마나 걸리나요?,30분 안에 배달됩니다,배달시간문의
어느 정도 걸릴까요?,40분 정도 걸립니다.,배달시간문의
빨리 먹을 수 있나요?,약 삼십 분 걸립니다,배달시간문의
라지 2개 주문하면 몇 분 정도 걸려요?,지금 저희 앞에 주문이 조금 있어서 약간 시간이 걸릴 것 같습니다,배달시간문의
시간은 어느 정도 걸려요?,시간은 3~40분 정도 걸릴 수 있어요,배달시간문의
언제까지 배달돼요?,지금부터 한 30분 안쪽이시면 될 것 같아요,배달시간문의
배달까지 다 해서 전화하면 몇 분 걸려요?,미리 시간을 잡아 놓으시면 그 시간에 맞춰서 해드려요,배달시간문의
양장피는 전화하면 얼마 정도 걸리죠?,양장피는 보통 30분 정도 걸려요,배달시간문의
시간은 어느 정도 걸려요?,배달까지 40분 정도 소요돼요,배달시간문의
그러면 한 10분 안에 올 수 있는 거죠?,네,배달시간문의
지금 시키면 언제까지 올 수 있어요?,금방 갑니다,배달시간문의
지금 바로 오시죠?,아니요 시간은 좀 걸립니다.,배달시간문의
나가면 얼마나 기다려야 되나요?,지금 주문하시면 십오분 정도 걸립니다,배달시간문의
배달은 몇 시부터 합니까?,보통 열두 시부터입니다,배달시간문의
"낮에 시켜야 되거든요, 배달 시간은 언제 돼요?",나중에 전화 주시면 기사를 불러서 합니다,배달시간문의
그 불갈비 치킨은 시간이 얼마나 걸려 예?,한 이십 분 걸립니다,배달시간문의
주문하면 시간은 얼마쯤 걸려요?,한 3~40분 걸립니다,배달시간문의
배달 오시는데 소요되는 시간은 몇 분 정도에요?,지금 하시면 한 35분 40분 정도 걸릴 것 같습니다.,배달시간문의
주문하면 몇 분 정도 소요돼요?,십오분이면 나와요,배달시간문의
주문하면 몇 분 정도 조리하나요?,십오분여,배달시간문의
주문하면 침산동까지 한 몇 분 걸려요 도착하면?,넉넉잡아 한 40분 빠르면 30분이고요,배달시간문의
그거 주문하면 오는데 시간이 얼마나 걸리나요?,50분 걸립니다,배달시간문의
주문하면 시간은 얼마나 걸려요?,오늘은 한 시간 이상 기다려야 됩니다,배달시간문의
그래요 배달하는데 소요되는 시간 얼마나 걸려요?,저희 한 3-40분 걸려요,배달시간문의
세 마리 하려면 몇 분 걸려요?,시간대마다 다 틀려요,배달시간문의
네 한 여덟시쯤에 뭐 우선하려면 한 일곱시 반에 하면 되나요?,손님이 필요하신 시간을 지금 말씀하세요 예약을 해야지 시간을 맞추는 거고요 나중에 주문하면 한 시간이 걸릴 수도 있어요,배달시간문의
배달 몇 시부터 몇 시까지 하시는데요?,아침에 열시 반부터 저녁 여덟 시까지요,배달시간문의
최대한 빨리 부탁드립니다,네 알겠습니다,배달시간요청
네 최대한 빨리 배달 부탁드립니다,네 알겠습니다,배달시간요청
최대한 빨리 가져다주세요,네 금방 드릴게요,배달시간요청
네 되도록이면 빨리 가져다주세요,네 알겠습니다,배달시간요청
20분 뒤에 배달해주세요,네 바로 준비하겠습니다,배달시간요청
빠르게 부탁드립니다,네 알겠습니다,배달시간요청
빨리 가져다주세요,20분 안에 가져다드릴게요,배달시간요청
더 빨리는 안 되나요?,앞 주문이 완료되는 대로 빨리 갖다 드리겠습니다,배달시간요청
최대한 빨리 부탁드릴게요,네 알겠습니다,배달시간요청
그릇은 일회용인가요,수거하는 그릇에 배달해드립니다,배달용기문의
짬뽕 배달용기 어떻게 오나요?,일회용 그릇으로 배달합니다,배달용기문의
배달 올 때 일회용 그릇인가요? 접시인가요?,꼭대기 층은 식사를 시키면 일회용으로 가고 안주 시키면 그릇으로 갑니다,배달용기문의
일회용 그릇으로 보내나요? 접시로 보내나요?,그릇으로 보내드릴게요,배달용기문의
접시로 오시나요 일회용으로 오시나요?,그릇으로 갑니다,배달용기문의
그릇은 일회용이에요?,일회용 용기에 배달료가 2000원 부과돼요,배달용기문의
용기가 플라스틱이라서 뜨거운 거 넣으니까 좀 그렇던데 종이 포일 같은 거는 안 되나요?,우리가 전체적으로 나가기 때문에 어쩔 수 없어요,배달용기변경요청
성곡동도 배달되나요?,네 배달됩니다,배달장소범위문의
한강아파트 A동 303호인데 배달 오나요?,네 가능합니다,배달장소범위문의
여기 성복동 배달되나요?,네 배달됩니다,배달장소범위문의
행복아파트 배달되나요?,네 배달 가능하세요,배달장소범위문의
한강에서 주문할 수 있나요?,네 배달이 늦을 수도 있어요,배달장소범위문의
여기 신사동 12번지인데 배달되나요?,네 가능합니다,배달장소범위문의
중계 2동 상아아파트 배달되나요?,네 배달합니다,배달장소범위문의
그리고 배달 오면 그냥 문 앞에 놓고 가달라고 전해주세요,예 잘 전달하겠습니다,배달장소범위문의
여기 00아파트인데 배달 가능한가요?,네 가능합니다,배달장소범위문의
여기 서울 마포구 공덕동인데 배달되나요?,네 배달료 2500원입니다,배달장소범위문의
여기 중산동인데 배달되나요?,50분 정도 걸려요,배달장소범위문의
여기 연세대학교 언더우드 관으로 배달 가능한가요?,네 주문해주세요,배달장소범위문의
성곡동도 배달되나요?,네 배달됩니다,배달장소범위문의
여기 무슨 동인데 배달되겠죠?,네 가능합니다,배달장소범위문의
여기 왜 동도 배달되나요?,네 왜 동도 배달하고 있습니다,배달장소범위문의
외동 배달되나요?,네 가능하세요,배달장소범위문의
혹시 여기 달서구 두류동에 성안 오피스텔 배달되나요?,네 갑니다,배달장소범위문의
외동 동신아파트 쪽에 배달되나요?,네,배달장소범위문의
아 그럼 어디까지 해요?,네 주위에만 해요,배달장소범위문의
네 그러면 주문하면 침산동인데 배달은 가능한가요?,네,배달장소범위문의
여기 칠성동 1가인데 배달되나요?,칠성동 1 가는 안됩니다,배달장소범위문의
네 그럼 도착해서 전화 주시면 1층으로 내려가서 받을게요,네 최대한 빨리 배달해드리겠습니다,배달출발도착알림요청
배달원분한테 오시면 현관에서 전화 달라고 해주세요,네 전하겠습니다,배달출발도착알림요청
집에 아기가 자고 있어서 배달 오면 1층에서 전화 주시겠어요?,네 알겠습니다,배달출발도착알림요청
네 오셔서 010-1234-5678로 연락 한 통 부탁드릴게요,네 연락드리겠습니다,배달출발도착알림요청
배달 출발할 때 전화 주실 수 있나요?,네. 전화드리겠습니다.,배달출발도착알림요청
무슨 치킨이 가장 맛있나요?,켄터키 치킨이 제일 잘나가요,베스트메뉴문의추천요청
어떤 치킨이 제일 잘나가요?,매운 양념치킨이 제일 잘나갑니다,베스트메뉴문의추천요청
요즘 맛있다고 하는 메뉴 추천해 주세요,네 자메이카 통달이 구이가 인기 있습니다,베스트메뉴문의추천요청
피자 메뉴 어떤 게 잘 나가나요?,슈림프 피자가 인기가 좋습니다,베스트메뉴문의추천요청
어떤 치킨이 가장 맛있나요?,프라이드치킨이 가장 잘 나가요,베스트메뉴문의추천요청
네 요즘 많이 나가는 게 뭐예요?,지금 더블크러스트이베리코피자가 제일 잘나가요,베스트메뉴문의추천요청
그러면 고구마 피자 말고 다른 거 뭐 잘 나가요?,블랙타이거 슈림프 피자와 블랙 앵거스 피자입니다,베스트메뉴문의추천요청
프라이드가 더 잘 나가요? 양념이 더 잘 나가요?,양념이 많이 나갑니다,베스트메뉴문의추천요청
어떤 게 잘 나가요? 요즘에,슈프림 인기 많아요,베스트메뉴문의추천요청
그러면 황금 올리브 치킨이나 아니면 그냥 반반 시키려고 하는데 어떤 게 더 잘 나가요?,그거는 둘 다 제일 잘나가는 거예요,베스트메뉴문의추천요청
잘 나가는 거 어떤 거 있어요?,"대표 메뉴가 킹 스페셜 고구마나 치즈 바이트, 무난하게 불고기 고구마 포테이토 화이트 콤비, 매콤한 거 좋아하시면 핫불고기 아니면 고구마 있습니다",베스트메뉴문의추천요청
세트 메뉴는 어떤 게 잘 나가요?,세트는 먹는 양에 따라 다른데 훈제 치킨 들어가는 것도 있고 스파게티 들어가는 것도 있고 다 틀려요,베스트메뉴문의추천요청
피자 중에 어떤 게 잘 나가나요?,고구마나 불고기 제일 많이 나가거든요,베스트메뉴문의추천요청
피자 종류 중에 어떤 게 좀 잘 나가나요?,7번가 스페셜이나 체다 골드나 깐쇼 불 갈비 많이 나갑니다,베스트메뉴문의추천요청
어떤 게 제일 잘나가나요?,고구마 하고 불고기가 제일 잘나갑니다,베스트메뉴문의추천요청
어떤 피자가 잘 나가요?,새로 나온 블랙 앵거스가 많이 나갑니다,베스트메뉴문의추천요청
찜닭 한 마리 잘 나가는 종류가 뭐가 있나요?,간장으로 된 양념 빨간색으로 된 양념 두 가지 그리고 순살 있어요,베스트메뉴문의추천요청
주로 잘 나가는 메뉴가 있어요?,달달하고 궁중 4번 세트라고 궁중하고 다달이 제일 잘나갑니다,베스트메뉴문의추천요청
추천해 주세요,보통 저희들 뼈 닭 같은 경우에는 투 펀치 반만 반이라고 그게 나눠서 세 가지 맛이 들어가요,베스트메뉴문의추천요청
한 세트에 19000원요 그 종류 말고 다른 거 또 뭐 잘 나가는 거 뭐 있어요?,프라이드 등 여러 가지 많이 있어요,베스트메뉴문의추천요청
주로 뭐 잘 나가요? 빨리 나올 수 있는 요리가 있나요?,유산슬 팔보채 양장피 이런 거 고급 음식이라 잘 나갑니다,베스트메뉴문의추천요청
그러면 주로 어떤 거 시키나요 사람들이?,주로 밥 종류는 짬뽕 짜장면 간짜장 잡채밥 볶음밥 이렇게 시키세요,베스트메뉴문의추천요청
짬뽕이나 간짜장 중에 어떤 게 잘 나가나요?,저는 배달하는 사람이라서 그건 잘 모르겠네요,베스트메뉴문의추천요청
주로 어떤 게 잘 나가요?,탕수육에 짜장이나 짬뽕 세트가 잘 나가죠,베스트메뉴문의추천요청
짬뽕류는 어떤 게 있나요? 잘 나가는 짬뽕 있나요?,특해물 짬뽕도 있고 전복 새우 짬뽕도 있고 해물 종류도 새우 홍합 전복 없는 게 없습니다,베스트메뉴문의추천요청
그러면 제일 빨리 나오는 게 어떤 짬뽕이에요?,일반 짬뽕이 제일 빨리 나오죠,빨리되는메뉴문의
잘 나가고 빨리 오는 짬뽕 종류는 메뉴가 어떤 거예요?,볶아 놓은 걸 드리는 게 아니고 바로바로 볶기 때문에 짬뽕 종류는 똑같아요,빨리되는메뉴문의
컵 같은 데다가 메인 메뉴 말고 사이드 메뉴같이 하나 있는 거 같던데?,피자 끝에 올라가는 라고는 일곱 개 더 드리는 겁니다,사이드메뉴정보문의
콜라 작은 거에서 큰 거로 변경 가능한가요?,가능하지만 1000원 추가요금 있습니다,사이즈-업문의요청
콜라는 사이즈업해주세요,네 음료 사이즈업 시 1000원 추가됩니다,사이즈-업문의요청
3번 세트메뉴에 자장면 곱빼기 변경되나요,네 변경됩니다,사이즈-업문의요청
콜라 사이즈 업도 가능하죠?,네,사이즈-업문의요청
짜장면 곱빼기로 가능할까요?,네. 가능합니다.,사이즈-업문의요청
양념소스만 더 챙겨주신다 혹시 온누리 상품권도 돼요? 김해 온누리상품권,아니요 저희는 안됩니다,상품권결제
혹시 온누리 상품권 결제도 돼요? 온누리 상품권,상품권 같은 건 안돼요 고객님 현금이나 카드 결제 밖에 안됩니다,상품권결제
소스 자체가 섞어져 있는 거군요. 그럼 혹시 상품권 온누리 상품권 돼요?,안됩니다,상품권결제
그래요 혹시 온누리 상품권도 되나요?,안됩니다,상품권결제
그렇구나 혹시 뭐 온누리 상품권도 결제돼요?,안 돼요,상품권결제
현금으로 결제할 건데 서비스 있나요?,네 군만두 서비스로 드릴게요,서비스문의
군만두도 서비스로 가져다주세요,단골이신데 당연하죠,서비스문의
피자 라지에 콜라가 서비스로 오나요?,아니요 콜라는 따로 주문해주세요,서비스문의
혹시 콜라같이 나오나요?,네 500ml 하나 서비스로 드립니다,서비스문의
혹시 콜라 서비스인가요?,콜라는 세트메뉴를 시키셨을 때만 무료로 제공됩니다,서비스문의
혹시 서비스 있나요?,군만두 있습니다,서비스문의
콜라도같이 주시나요?,네 메뉴에 포함됩니다,서비스문의
콜라는 제공되나요?,1마리 주문 시 500ml 콜라 제공됩니다,서비스문의
네 샐러드 서비스되나요?,1개 기본이고 추가 시 2000원입니다,서비스문의
콜라도 주시나요?,콜라는 주문하셔야 됩니다,서비스문의
주문하면 피클하고 또 뭐 주시나요?,"피클 하나, 갈릭소스 하나, 핫 소스 하나 이렇게 갑니다",서비스문의
여기는 피클하고 그런 거는 뭐와요?,"피클 하나, 파마산 하나, 핫 소스 두 개, 음료 500ml가 기본으로 갑니다",서비스문의
핫 소스 같은 건 안 나오겠네요?,핫 소스 파마산 어니언 소스도 나가요,서비스문의
콜라나 피클 같은 건 뭐 주세요?,콜라는 따로 추가해야 하고 피클은 기본으로 나갑니다,서비스문의
그럼 음료수 따로 나옵니까?,콜라는 따로 사셔야 돼요,서비스문의
서비스는 없습니까?,"콜라, 음료수 정도 드릴 수 있어요",서비스문의
음료수는 어떻게 되예?,음료수는 따로 시키셔야 됩니다,서비스문의
피클은 좀 많이 주시면 안 돼요?,피클 기본 한 개 나가는데 추가 당 800원이고 작은 피클은 500원입니다,서비스문의
콜라는 주는 건가요?,아니요 따로 주문하셔야 돼요,서비스문의
오이피클은 주나요?,네 피클은 기본 두 개 나갑니다,서비스문의
여기 콜라는 주나요?,음료는 별도 주문이세요,서비스문의
깐풍육 대자 시키면 서비스 뭐 주시나요?,서비스로 만두 나가고 안 좋아하시면 콜라 하나 드립니다,서비스문의
서비스는 뭐 주세요?,소주 음료수 콜라 짬뽕 국물 중에 선택하시면 됩니다,서비스문의
양장피 35000원짜리 하면은 다른 거 뭐 주시나요?,만두 서비스요,서비스문의
아 모자라요 그러면 그 콜라는 추가로 오나요,콜라는 별도입니다,서비스문의
그러면 음료수는 서비스 오는 게 있나요?,네 500미리 콜라 나가요,서비스문의
무는 나가는 거 따로 없죠?,무는 한 개 나갑니다,서비스문의
음료수는 안 나와요 콜라?,한 마리 하시면 500미리 나갑니다,서비스문의
여기 소스는 뭐 뭐 나옵니까? 프라이드에,양념소스 하나 머스터드 하나요,서비스문의
그러면 양념은 뭐 뭐 나오나요? 아 양념이 아니라  소스 그 나오는 사이드 있잖아요 허니 머스터드 콜라 무 이런 거,메뉴마다 소스 들어가는 게 다 틀려요,서비스문의
여기 나올 때 소스는 뭐 뭐 왔었죠? 소스가 허니 뭐 있더라,소스가 소금구이 할 때는 머스터드소스 나갑니다.,서비스문의
네 무도 오는 거 아닌가요,네 무는갑니다,서비스문의
허니 스파클링. 콜라 아니에요?,네 콜라는 따로 구매하셔야 돼요,서비스문의
그리고 음료수도 오지요?,네 기본 음료수는 허니 스파클링 나가요,서비스문의
그러면 포장에는 따로네요,네 그렇죠,서비스문의
다른 거는 추가로 더 사야 한다고요?,네 소스 같은 건 500원씩 구입을 하셔야 돼요,서비스문의
그러니까 12000원 프라이드 값에 소스가 소금 나가고 또 포장하면 뭐 있어요?,소금밖에 안 나가요,서비스문의
그렇구나 배달에는 그러면 무하고 콜라하고 같이 들어가고요?,다섯 마리면 콜라는 들어가는데 고깃값도 비싸고 퀵까지 있어요 그래서 더 비싸죠,서비스문의
한 개당 한 마리씩요 저희들 그니까 무는 필요 안 하거든요 그래서 혹시 무를 빼면 다른 콜라로 바꿔주실 수 있나 해서요,아니요 콜라로 못 바꿔드리죠,서비스변경주문문의
그러면 무를 빼고 콜라로 바꿔주실 수는 있어요?,그런 거는 안되세요 고객님,서비스변경주문문의
선결제하고 문 앞에 두고 가주실 수 있나요?,미리 결제해주시면 그렇게 해 드리겠습니다.,선결제문의
결제는 미리 하고 갈 건데요?,네 결제는 미리 해주세요,선결제문의
불고기 피자 치킨세트에 프라이드치킨으로 오는 건가요?,네 맞습니다,세트메뉴구성문의
세트 3번 시키려고 하는데 짜장 2에 탕수육 1 맞나요,네 손님 맞습니다,세트메뉴구성문의
중간 사이즈 두 개짜리도 있나요?,네 작은 거요,세트메뉴구성문의
세트로 시키면 서비스로 오는 게 있나요?,군만두 서비스 있습니다.,세트메뉴서비스문의
세트로 시켜야 되나요,네,세트메뉴서비스문의
짬뽕이랑 볶음밥이랑 탕수육 세트 있나요?,죄송하지만 없습니다,세트메뉴종류문의
세트메뉴는 없어요?,짜장면이랑 탕수육 세트 있습니다,세트메뉴종류문의
피자는 종류가 고기 종류로 나눠지나요?,"고기, 해산물, 파인애플, 감자, 고구마 콤비네이션, 고기류 피자, 해산물, 매콤한 것도 있습니다",세트메뉴종류문의
그렇게만 있나요? 세트메뉴도 있나요 따로?,아뇨 저희는 세트메뉴 없어요 따로,세트메뉴종류문의
그러면 세트메뉴도 있어요 짬뽕 들어간 세트메뉴?,짬뽕 두 개 들어간 세트메뉴 있어요,세트메뉴종류문의
아 그러면 세트 메뉴는 따로?,세트 메뉴도 있어요,세트메뉴종류문의
"오, 세트로 묶어주세요!","네, 알겠습니다.",세트메뉴주문
그럼 세트 2번에 짜장면 하나를 짬뽕으로 바꿔도 되나요?,네 500원 추가하시면 됩니다,세트메뉴중메뉴교환문의요청
"오, 세트로 묶으면 얼마가 할인되는 거죠 ??",마리당 천 원으로 총 2000원 할인되네요.,세트메뉴할인문의
네 저희는 머스터드는 안 먹어서 머스터드는 빼고요. 매운 소스는 핫 소스를 말씀하시는 건가요?,네,소스정보문의
소스는 근데 뭐 뭐 나오죠?,소스는 매운 소스하고 머스터드소스가 나와요,소스정보문의
어린이 포크도 있나요?,저희는 포크는 없습니다,수저요구
아 젓가락 3개 보내주세요,챙겨드릴게요,수저요구
소주도 한 병 부탁합니다,알겠습니다,술배달문의요청
콜라는 따로 주문해야 하나요?,작은 콜라를 서비스로 드리고 있습니다,식사배달요청
그러면 갈비맛 치킨 순살로 부탁드립니다,네 40분 정도 소요될 것 같습니다,식사배달요청
치킨 주문하려고 하는데요,네 말씀 하세요,식사배달요청
스모크 통다리 하나랑 콜라 큰 거 주문할게요,콜라 일 점이 오 리터 추가하시면 추가 금액이 천오백 원 발생됩니다,식사배달요청
양념치킨이랑 간장치킨 순살로 주문 가능한가요?,네 순살 가능합니다,식사배달요청
그럼 자장면 1개 짬뽕 1개 주문할게요,네 자장면 1개 짬뽕 1개 12000원입니다,식사배달요청
순살치킨도 가능한가요?,순살은 오늘 매진됐어요,식사배달요청
치즈볼로 가져다주세요,네 치즈볼은 200원 추가됩니다,식사배달요청
그럼 이벤트 피자와 핫윙 10조각 배달 부탁드립니다,네 등록되어있는 주소로 1시간 안에 배달해 드리겠습니다,식사배달요청
짬짜면 하나랑 짬뽕하나요,만 원입니다,식사배달요청
그럼 양념치킨으로 주세요,네 16000원입니다,식사배달요청
지금 치킨 주문 가능한가요?,네 가능합니다,식사배달요청
그럼 그걸로 주문할게요,네 금방 배달해드릴게요,식사배달요청
그럼 일반 짜장면 2개에 홍합 짬뽕 1개 배달 부탁드려요,네 배달은 30분 정도 소요되세요,식사배달요청
네 자메이카 통달이 구이 하나와 콜라 1리터 주문할게요,네 한 40분 정도 소요됩니다,식사배달요청
그럼 그냥 프라이드치킨 두 마리로 해주세요,네 프라이드로 준비해 드릴게요,식사배달요청
양념치킨 두 마리요,죄송한데 지금 프라이드만 주문 가능하신데요,식사배달요청
짜장면 1그릇 배달해주세요,1그릇만 배달하면 배달비도 계산해주셔야 해요,식사배달요청
세트 1번 갖다 주실 수 있나요?,가능합니다,식사배달요청
그럼 지금 볼케이노 치킨 한 마리 주문 가능할까요?,죄송합니다 지금은 볼게 이 논 소스가 품절이 되어서 다른 메뉴로 주문 부탁드립니다,식사배달요청
짜장면 짬뽕 울면 각각 하나씩이랑 탕수육 소자 주문할게요,네 알겠습니다,식사배달요청
짜장면 하나 탕수육 중 하나 짬뽕 두 개 하려고 해요,네 탕수육 중에 짜장면 하나 짬뽕 둘이요,식사배달요청
그럼 크림소스 스파게티 하나랑 치킨 양념 반 오리지널 반으로 갖다 주세요,네 30분 정도 걸릴 겁니다,식사배달요청
여기 짜장면 1개랑 짬뽕 곱빼기 1개 배달되나요?,네 가능합니다.,식사배달요청
치킨 주문 좀 하려는데요,네 말씀 해주세요,식사배달요청
네. 그러면 프라이드 2마리 부탁드립니다.,네. 30분 정도 걸릴 거 같아요.,식사배달요청
프라이드 1마리 반도 가능할까요?,죄송합니다. 저희는 반 마리는 판매를 안 해서요.,식사배달요청
짜장면 하나요,죄송하지만 만 원 이상 배달 가능합니다,식사배달요청
그러면 탕수육으로 주세요,네. 대신 만두 서비스 드릴게요.,식사배달요청
짬뽕이랑 깐풍기 배달해주세요.,깐풍기는 재료가 다 떨어졌습니다.,식사배달요청
제일 큰 거로 한판 주세요,네 패밀리 한판 주문입니다,식사배달요청
그럼 기본 하나 곱빼기 하나 가져다주세요,네 알겠습니다,식사배달요청
매장 위치가 어떻게 되시는 거예요?,신서혁신도시 비전 스퀘어 바로 맞은편에 은행 있는 건물 뒤편에 있습니다,식사배달요청
그러면 500원짜리 하나만 더 주세요,네 기본 한 개에 작은 피클 한 개 추가하시고요,식사배달요청
그게 라지 사이즈인 거죠 말씀하시는 게?,네,식사배달요청
짜장면에 오이도 들어가나요?,오이랑 완두콩 다 들어갑니다,식재료문의
이베리코 포크가 돼지고기인가요?,네 스페인 돼지고기요,식재료문의
어떤 치즈에요?,최고급 임실치즈에요,식재료문의
새우 탕수육은 새우로 만든 거예요?,네 새우로 튀긴 겁니다,식재료문의
깐풍 육운 닭고기로 하나요?,아니요 돼지고기입니다,식재료문의
피자 치즈는 뭐 써요?,모차렐라 치즈 자연산 치즈입니다,식재료문의
뭐가 들어가죠? 슈프림,하얀 소스입니다,식재료문의
밀가루 반죽이 얇은가요?,네 두껍지 않습니다,식재료문의
불갈비는 돼지고기로 돼 있나요?,소고기입니다,식재료문의
그러면 그 안에 그 닭고기하고 야채는 어떤 거 들어가요?,야채는 당근이랑 감자랑 양파랑 이런 거 들어가고요 떡이랑 당면같이 들어가요,식재료문의
닭고기는 국내산 쓰나요?,국내산입니다,식재료문의
뭐 야채는 어떤 게 들어가요 사장님?,전화가 계속 들어오기 때문에 설명을 못 드리거든요 책자 보면 다 나와 있어요,식재료문의
피자 옆에 치즈 테두리에 들어가는 거는?,치즈 들어가면 가격은 더 세져요,식재료문의
그거는 도우 두께 정할 수 있나요?,네 정할 수 있어요,식재료문의
블랙 앵거스는 어떤 거 들어가지요?,고깃덩어리 들어가면서 랍스터 살이 들어가요,식재료문의
가공한 거네요 고기 자체가 아니고,이거는 가공해가지고 들어간 거라서 가격은 2만 원대고요,식재료문의
불고기 피자는 뭐 들어가요?,불고기 피망 버섯하고 양파 불고기 이렇게 들어가고요,식재료문의
도우 두께나 그런 거는요?,그거는 정하실 수 있어요,식재료문의
슈퍼수프림은 위에 뭐 들어가요?,슈퍼수프림은 피망 햄이 전체적으로 깔리면서 옥수수 파인애플 들어가고요,식재료문의
혹시 도우 두께라든지 치즈는?,저희 도우는 얇은 편인데 오리지널은 얇고 치즈 크러스트는 빵 끝에 치즈 들어가서 도톰하고요,식재료문의
해산물은 어떤 거 들어가요?,홍합하고 바지락하고 여러 가지 넣어요,식재료문의
지금 안에 들어가는 게 돼지고기죠?,예예,식재료문의
그러면 쟁반 야끼 가락국수에 해물이 어떤 거 들어가는지 여쭤보려고 하는데,저는 잘 몰라요,식재료문의
고기짬뽕은 돼지고기 들어가나요?,네 고기짬뽕은 돼지고기고 차돌박이 짬뽕은 소고기고요,식재료문의
네 제가 지금 전단지 보고 전화드리는 건데 삼선짬뽕에 들어가는 해물은 어떤 거 있어요?,새우부터 시작해서 여러 가지 들어가요,식재료문의
해물짬뽕에 어떤 거 들어가요?,해물 여러 가지 들어가요,식재료문의
탕수육에 들어가는 고기가 돼지고기죠?,어느 집이든지 다 돼지고기입니다,식재료문의
큐브 피자인가? 새로 나온 거예요?,나온 지 좀 됐습니다,신메뉴문의
위치는 어디쯤 되세요?,효성타운하고 반야월 사이에 있어요,앱문의
배달 앱도 있는가 예?,배달 앱은 안 돼요,앱문의
여기도 배달의 민족으로 하는 거예요?,네,앱문의
앱으로 주문도 할 수 있나요?,앱으로도 주문 가능하세요 배달의 민족에 있고요,앱문의
앱으로 배달하면 할인되고 그런 거 있어요?,앱으로 배달하는 거도 다 똑같이 통신사나 삼성카드가 할인이 돼요,앱주문할인문의
소스는 별도 구매인가요?,"네, 별도 구매입니다.",양념소스별도구매문의
소스 추가 구매하고 싶어요,매운 양념 마요네즈 머스터드소스 준비되어있습니다,양념소스요구
찍어 먹을 양념소스도 주세요,네 알겠습니다,양념소스요구
치킨 무는 빼고 소스로 바꿀 수 있을까요?,소스는 추가로 결제하셔야 합니다.,양념소스요구
저 혼자 피자 한판 먹을 수 있을까요?,저희 피자 맛있어서 가능합니다,양에대한질문
3명이 먹기엔 부족할까요?,성인 3명이 먹기엔 부족할 수 있습니다,양에대한질문
어린아이가 한 그릇 다 먹을 수 있나요?,네 적당합니다,양에대한질문
4학년 23명 먹을라 카면은 몇 판 정도 하면 되나요?,초등학생이면 한 판으로 두세 명이 먹으면 맞아요,양에대한질문
라지 사이즈로 몇 조각 들어가죠?,12인치 박스에 8조각 들어가요,양에대한질문
시키면 1.25리터인가 예?,네,양에대한질문
라지 한판에 몇 조각 나와 예?,10조각 나옵니다,양에대한질문
피자를 3명이 먹을 건데 사이즈는 어떤 거 하면 좋겠어요?,라지 하나 하시면 될 거예요 좀 많이 드시면 미디엄 두 판 하셔도 되고요,양에대한질문
35000원이면은 한 몇 인분 정도 될까요?,35000원은 4사람 정도 28000원은 두세 사람 정도요,양에대한질문
사이즈는 한 사이즙니까?,양장피가 소자 28000원 대자 35000원 두 가지 있습니다,양에대한질문
중자가 몇 명 정도 먹을 수 있나요?,서너 명이요,양에대한질문
탕수육은 어떤 사이즈 있어요?,소 중 대로 11000원 13000원 16000원 이렇게 있어요,양에대한질문
퐁듀 붉은 피잔구? 그거 라지 사이즈는 몇 명 먹을 수 있어요?,삼사 인용입니다. 여덟 조각 두 조각씩 먹으면 네 명 먹을 수 있습니다,양에대한질문
갈릭 스테이크 라지는 몇 명 정도 먹는데요?,두 조각씩 먹으면 네 명이서 먹습니다,양에대한질문
아 제가 잘 몰라서 카는데 초등학교 일학년 되는 애들은 그거 시키면 몇 명이 먹어요?,거의 네 명 정도 먹을 수 있다고 보시면 돼요,양에대한질문
4인 가족이 먹으려면 뭐 어떻게 시켜야 돼요?,라지로 여덟 조각 나가긴 나가는데 좀 작은 여덟 조각이에요,양에대한질문
4인 가족이 먹으려면 라지 한 판으로 가능할까요?,성인 같으면 네 명 먹기는 좀 모자랄 겁니다,양에대한질문
그러면 4인 가족이 먹으려고 하는데 사이즈는 어느 정도로 주문을 해야 되나요?,라지 하시면 되세요,양에대한질문
벌집 피자는 몇 명 정도 먹을 수 있어요?,한두 세명 정도요,양에대한질문
라지 한 판에 몇 명 정도 먹을 수 있어요?,보통 라지 사이즈는 여덟 조각 나오거든요. 사람마다 드시는 양이 다르다 보니까,양에대한질문
아 그러면 가격대가 한 4인 가족이 먹으려면 어떤 걸 시켜야 돼요?,찜닭 아니면 튀김닭 하면 됩니다,양에대한질문
4인이 먹으려고 하는데 한 몇 마리 시키면 돼요?,한 세트 하면 돼요,양에대한질문
"그게 기준이 2, 3인분인가요?","순살 같은 경우에는 2, 3인분 하고 뼈 닭 같은 경우에는 3, 4인분 두 마리에요",양에대한질문
그럼 몇 명이 먹을 수 있어요?,그게 두 마리예요,양에대한질문
아 그러면 3인 가족이 먹으려고 하면 얼마나 시켜야 하나요?,한 마리 먹어야 합니다 2만 천 원입니다,양에대한질문
그러면 저 4인 가족이 먹으려고 하면 어떤 걸 시키면 되나요?,한 마리 시키면 돼요,양에대한질문
그거는 몇 인분이에요?,주로 술안주로 드시기 때문에 네 명 정도 드실 수 있어요,양에대한질문
아 그거 시키고 다른 거 또 시켜야 돼요?,예예,양에대한질문
그러면 탕수육이 4인 가족이 먹을 수 있나요 세트 메뉴로 시키면?,탕수육 보통이 17000원인데 그거 시키는 게 나을 거 같아요,양에대한질문
4인이 먹을 수 있을까요?,네 명 드시기엔 세트가 양이 적어요 네 명 드시려면 탕수육 중자는 가야죠,양에대한질문
엘지 멤버십 할인되나요?,죄송한데 저희는 그런 거 안돼요,엘지멤버십할인문의
지금 영업하고 계시나요?,네 영업 중입니다,영업시간문의
몇 시에서 몇 시까지 영업을 하시는데 예?,보통 문 여는 시간 12시에서 12시 반이고 저녁시간은 10시까지 합니다,영업시간문의
영업은 몇 시부터 하시는데 예?,11시부터 저녁 10시까지 해요,영업시간문의
배달은 몇 시까지 돼요?,원래 12시까지 하는데 오늘은 9시까지요,영업시간문의
배달은 몇 시까지 되나요?,열시 반까지 됩니다,영업시간문의
네 수고하십니다 죄송하지만 배달을 몇 시부터 몇 시까지 하시나요?,저희들이 오전에는 열한시부터 고요 저녁에 마감은 한신데 보통 한 12시 한 40분 정도 되면 끝나요,영업시간문의
네 수고하십니다 저 죄송하지만 배달 몇 시부터 몇 시까지 하나요?,우리 열두시부터 열한시까지 해요,영업시간문의
죄송하지만 영업은 몇 시부터 몇 시까지 하세요?,열시까집니다 아침 열한시부터 밤 열시까지,영업시간문의
네 수고하십니다 뭐 여쭤볼 게 있는데요 배달이 몇 시부터 몇 시까지인가요?,저희 열한시 반부터 열한시까진데요,영업시간문의
그러면 배달을 몇 시부터 몇 시까지?,배달은 열한 시부터 해요,영업시간문의
혹시 그럼 내일 주문을 미리 예약할 수 있나요?,죄송합니다만 당일 예약만 가능합니다,예약배달문의
배달시키려 하는데 바로 배달말고 예약 배달 가능한가요?,네 몇 시까지라고 말씀해주시면 가능하세요,예약배달문의
그 면 점심때 들어가려면 그 전날 전화드려야 되겠다 그러지 예?,네 예약해놓으면 그 시간에 맞춰서 보내드리죠,예약배달문의
제가 지금 결제해놓으면 이따가 배달해주실 수 있죠?,네,예약배달문의
"일곱, 여덟, 아홉 판 정도 주문하려면 언제쯤 전화드리면 되지 예?",한 40분 정도 전에 전화하시면 돼요,예약주문문의
아 혹시 이곳 개점시간이 언젠가요?,오전 10시입니다,오픈시간문의
몇 시부터 해요?,오전 열한 시부터입니다,오픈시간문의
오픈은 몇 시에 해요?,열두 시에요,오픈시간문의
몇 시에 오픈하세요?,열한 시요,오픈시간문의
그럼 거기 낮에 몇 시에 오픈해요 내일?,낮 열두 시요,오픈시간문의
저 혹시 오픈 시간이 어떻게 돼 예?,열두 시부터 저녁 열두 시까지 해요,오픈시간문의
네 저희 토요일에 놀러 갈 때 하려고 하는데 아침에 몇 시에 문 열어요?,내일 열두시에 엽니다,오픈시간문의
아침 몇 시에 문 열어요?,일요일이 쉬는 날이에요.,오픈시간문의
불고기는 그러면 소고기를 쓰나요? 한우 국산이에요?,호주산입니다,원산지문의
저기 그러면 닭고기는 국내산 쓰나요?,네네 국내산이에요,원산지문의
불고기는 그러면 국내산은 아니죠?,네 그런 건 아니고 갈아가지고 동글동글하게 만들어놨어요,원산지문의
아 네 그러면 탕수육 돼지고기가 국산이죠?,저는 잘 모르겠습니다,원산지문의
국내산 쓰나요 아니면 수입품 쓰나요?,국내산 써요,원산지문의
전부 국산이에요?,돼지는 국산이고 차돌박이는 미국산이에요,원산지문의
그럼 국내산 쓰나요?,예 돼지고기는 다 국내산입니다,원산지문의
네 그리고 콜라 하나만 추가해주세요,네 알겠습니다,음료주문
콜라도같이 가져다주세요,네 알겠습니다,음료주문
아 1리터 콜라 한병도같이 가져다주세요,네 모두 3만 원 되겠습니다,음료주문
콜라 하나 추가해주세요,22500원입니다,음료주문
콜라 1개 추가할게요,네 감사합니다,음료주문
그럼 사이다 큰 사이즈로 부탁드려요,네 금방 배달해드리겠습니다,음료주문
콜라 큰 사이즈로 되나요?,아니요 콜라는 큰 사이즈가 없습니다,음료주문
아 콜라도 작은 거 하나 주세요,네 알겠습니다,음료주문
네 콜라는 따로 주문해야 하나요?,아니요 서비스로 같이 나갑니다,음료주문
어떤 종류 있나요?,"콜라, 사이다, 환타, 레모네이드 있습니다.",음료주문
그러면 500짜리 하나 주세요,네 500짜리로 요,음료주문
그러면 콜라 작은 거 두 개 주세요,네,음료주문
페트병인가요?,네 페트병이요,음료주문
혹시 음료수는 어떻게 돼요?,음료수는 따로 추가하셔야 됩니다,음료주문
음료수는 따로 주문해야 되지요?,두 판 하시면 금액이 3천 원이 할인되고 콜라가 하나 나가거든요,음료주문
작은 게 하나 따라오고 큰 거는 추가 비용을 내야 되는 거죠?,네,음료추가가격문의
페트병은 얼마인가요?,1800원이요,음료추가가격문의
그럼 콜라 추가로는 얼마예요?,콜라가 큰 게 2000원이거든요 사이다도 2000원이고요,음료추가가격문의
만약에 콜라도 추가로 주문하면 배달해주시는가요?,원래 기본으로 작은 게 나가고 천원 추가하시면 사이즈 업그레이드해드려요,음료추가문의
너무 오래 걸리는데 빨리 부탁드릴게요,네 알겠습니다,음식이늦게배달올때
전단지에 있는 만 원 이벤트 아직도 진행 중인가요?,네 진행하고 있습니다,이벤트기간문의
사이드 메뉴 할인행사하나요,지금 진행 중인 행사는 없습니다,이벤트기간문의
혹시 후기 이벤트 아직도 진행하시나요?,갈릭 소이 치킨에 한해서 진행 중입니다,이벤트기간문의
이벤트 할 거면 충분한 양을 가지고 판매하셔야 되는 거 아닌가요?,평소보다 재료를 2배 정도 준비했는데 워낙 많은 분들이 주문을 하셔서 금방 소진되었습니다,이벤트메뉴컴플레인
먹고 나서 후기 작성할 테니 감자튀김도 부탁드리겠습니다,맛있게 해서 금방 가져다드릴게요,이벤트서비스메뉴요청
리뷰 쓰면 서비스 있나요?,네 있습니다.,이벤트서비스문의
후기 쓴다고 하면 감자튀김 서비스로 주시는 거 맞죠?,네,이벤트서비스문의
그럼 가에 치즈 크러스트 들어가는 것도 선택이 되예?,그럼요,재료선택문의
네 쿠폰 사용하려고 하는데요,치킨만 쿠폰 가능하고 소스는 별도 지불하셔야 해요,적립쿠폰사용
쿠폰 사용이 가능한가요?,이벤트 중이라 쿠폰 사용은 불가능하세요,적립쿠폰사용
쿠폰 40장 모았는데 사용 가능한가요?,네 가능합니다,적립쿠폰사용방법문의
쿠폰은 몇 장 모으면 쓸 수 있어요?,30장모이면 음식 하나 공짜로 드려요,적립쿠폰사용방법문의
배달의 민족 보니까 쿠폰 있던데 그거는 어떻게 써요?,그건 어플 상에서 선결제 할 때 쓰실 수 있는 쿠폰이에요,적립쿠폰사용방법문의
쿠폰은 어떻게 쓰는데요?,나중에 콜라 주문하실 때 콜라 쿠폰 쓸 거라고 말씀을 해주고 배달해주시는 기사님한테 그 쿠폰을 전해주시면 됩니다,적립쿠폰사용방법문의
그러면 그거 10개 모으면은 또,네 5개 모으면 사이드 나가고 8개 모으면 오리지널 미디엄 피자 12개는 오리지널 라지 피자 이렇게 나가거든요,적립쿠폰사용방법문의
쿠폰을 준다고도 되어 있던데 조건이 어떻게 되는 거예요?,배달 갈 때마다 금액에 맞게 드리는데 모아두셨다가 나중에 쓰시면 돼요. 다음에 주문하실 때 미리 말씀해주셔야 돼요,적립쿠폰지급조건문의
혹시 젓가락은 대나무 젓가락 주시나요?,아니요,젓가락종류문의
젓가락은 혹시 대나무 젓가락 사용해 주시나요?,아니요 그런 건 안 씁니다,젓가락종류문의
제휴카드 추가 할인은 안되죠?,중복 할인은 안됩니다,제휴카드추가할인
제휴카드 추가 할인은 안돼요?,중복 할인은 안돼요,제휴카드추가할인
종이컵도 따로 오는가요?,아뇨 종이컵은 따로 없는데 없으면 종이컵 한 줄 같이 나가면 돼요,종이컵문의
아 순살로 부탁드릴게요,네 주문 감사합니다,주문정정
콜라 말고 사이다로 주세요,그럼 사이다로 바꿔서 드리겠습니다,주문정정
여기 이태원동 260번지인데 2인 탕수육 세트로 갖다 주세요,네 2인 탕수육 세트 이만 원입니다,주소지로배달요청
네 그럼 주문할게요 주소는 A 아파트 104동 102호입니다,네 A 아파트 104동 102호요,주소지로배달요청
그럼 서울대학교 병원 1층 안내센터로 배달 가능한가요?,네 가능합니다,주소지로배달요청
그러면 서울특별시 강서구 105-12 번지로 배달해주세요,지금은 점심시간 때라 40분 정도는 기다리셔야 돼요,주소지로배달요청
네 그리고 저희 집 현관 비번 3434이에요,네 알겠습니다,주소지로배달요청
여기 동그라미 아파트 103동 103호인데요,네 103동 103호요,주소지로배달요청
안녕하세요 여기 동산아파트 203동 201호요.,네 주문하세요.,주소지로배달요청
주소는 팔팔로 171입니다,네 감사합니다,주소지로배달요청
OO 아파트 OO동 OO 호에 짬뽕 하나 배달되나요?,네 짬뽕 하나 배달 가능합니다,주소지로배달요청
주소는 서울시 성동구 성수동 1가 99-99 1001입니다,네 감사합니다,주소지로배달요청
네 여기 대성스카이 백이 동 천오백삼 호인데 우리 고구마 피자 배달되죠?,네,주소지로배달요청
예 대성스카이렉스 백이 동 천오백삼 호인데 프라이드 한 마리만 배달해주세요,배달 거기까지 안 합니다,주소지로배달요청
주차장 있나요?,네 건물 뒤에 있어요,주차장문의
주차는 바로 옆 도로변에 되는가 예?,네 바로 싣고 나가실 수 있게 포장해 놓을게요,주차장문의
주차는 어디 하면 돼요?,아파트 상가 주차장에 하시면 됩니다,주차장문의
그럼 밥반찬으로 먹으면 어떨까요,그럼 괜찮습니다,취향에따른메뉴추천요구
아이들도 먹을 수 있나요?,약간 매울 수는 있는데요,취향에따른메뉴추천요구
아이들과 먹기에 어떤 피자가 좋을까요?,콤비네이션 피자와 불고기 피자 추천드려요,취향에따른메뉴추천요구
어깨 피자 카는 게 있는데 혹시 야채 많이 들어간 거는 어떤 거예요?,어깨 피자는 야채가 많이 안 들어가요 이거는 9가지 토핑 맛을 볼 수 있게 되어있는 겁니다,취향에따른메뉴추천요구
초등학생 고학년은 피자 어떤 종류가 잘 나가요?,"초등학생들은 거의 고구마, 포테이토, 불고기, 콤비네이션 이렇게 많이 나가요",취향에따른메뉴추천요구
선생님은 따로 한 판 하까 싶은데 선생님 거는 어떤 거 나가요?,치즈브러썸이라고 치즈가 많이 들어가고 안창살 들어간 거 추천드려요,취향에따른메뉴추천요구
고등학생 간식으로 피자 어떤 거 잘 나가요?,학생들은 포테이토나 슈림프 골드 그런 거 잘 나가요,취향에따른메뉴추천요구
양장피하고 또 비슷한 거 뭐 있어요?,고추잡채 팔보채 유산슬도 있어요,취향에따른메뉴추천요구
애들 초등학생들 뭐 좋아하는데요?,"갈릭 스테이크도 괜찮고요, 치킨 바비큐 콤비네이션도 있습니다",취향에따른메뉴추천요구
새우나 육류 좋아해요,새우 들어가는 건 블랙타이거 슈림프 있고 고기 많이 들어가는 글램핑 바비큐 피자 있어요,취향에따른메뉴추천요구
네 초등학교 3학년인데 피자 추천하는 메뉴가 있어요?,보통 기본적인 피자에서는 불고기 슈퍼수프림 많이 나가고 있어요,취향에따른메뉴추천요구
선생님은 어떤 거 많이 나가죠? 어른들 좋아하는 거,선생님은 체더치즈나 리치골드 해서 하나는 포테이토 하나는 고구마 그러면 좋아하시거든요,취향에따른메뉴추천요구
종류는 어떤 게 많이 나가나요? 여자 선생님이거든요,선생님은 보통 고구마나 새우 들어가는 블랙타이거 슈림프도 있고 고기와 랍스터 살 들어가는 블랙 앵거스도 있고요,취향에따른메뉴추천요구
그러면 4인 가족이면 탕수육 하나에 딴 거 어떤 거 시켜요?,짜장면 짬뽕 해물짬뽕 사람마다 좋아하시는 게 다 달라요,취향에따른메뉴추천요구
카카오페이나 삼성페이도 되나요?,카카오페이는 안되고 삼성페이는 됩니다,카카오페이삼성페이결제
카카오페이는 결제가 되는가요?,그거는 본인들이 인터넷 들어가셔서 하셔야 합니다,카카오페이삼성페이결제
지금 주문하려는데요 영업시간이 몇 시인가요?,저희 매장은 새벽 3시까지 영업합니다,클로징시간문의
거기 몇 시까지 영업하나요?,밤 10시까지 영업합니다,클로징시간문의
몇 시까지 주문 가능한가요?,새벽 1시까지 가능합니다.,클로징시간문의
주문 몇 시까지 전화받으세요?,10시까지 가능하세요,클로징시간문의
여긴 몇 시까지 해요?,네 11시 30분까지 주문받습니다,클로징시간문의
몇 시에 문 닫나요?,9시 반이나 10시쯤 되면 닫을 것 같습니다,클로징시간문의
몇 시까지 하세요?,9시까지요,클로징시간문의
몇 시에 문 닫아요?,8시 반까지요,클로징시간문의
몇 시에 마쳐요?,네 8시까지 합니다,클로징시간문의
몇 시까지 하세요?,마지막 주문이 9시에요,클로징시간문의
네 수고하십니다 저 죄송하지만 배달은 몇 시까지 하나요?,열두시부터 열한시까지요,클로징시간문의
그러면 저녁에는 몇 시까지 하나요?,저녁에는 내일 좀 일찍 마쳐야 돼서 한 열시까지 밖에 안 합니다,클로징시간문의
아 그러면 몇 시까지 배달하시는데요?,예 보통 한 20분 정도 되면 끝냅니다,클로징시간문의
몇 시에 문 닫아요?,보통은 한 여덟 시 정도 닫아요,클로징시간문의
그러면 배달 몇 시까지 해요?,아 지금 시키셔야 돼요,클로징시간문의
9시까지 전화하면 돼요?,대부분 8시 반까지 주문받습니다,클로징주문시간문의
주문 전화는 몇 시까지 해야 되나요?,8시 반까지 주문받아요,클로징주문시간문의
주문 전화 몇 시까지 해야 되는데요?,8시까지 배달을 해드릴 수 있습니다,클로징주문시간문의
그럼 마지막 주문은 몇 시까지 하면 돼요?,마지막 주문이 9시여서 그전에 결제하시면 됩니다,클로징주문시간문의
슈림프 핫치킨 골드 피자 이건 치킨이에요?,"네 이거는 새우와 핫치킨, 베이컨, 브로콜리가 올라가는 거예요",토핑문의
불고기 피자에는 고기가 많이 들어가고?,그거는 불고기가 들어가는 건데 콤비네이션과는 고기가 좀 다르게 생겼고 야채는 똑같이 들어가요,토핑문의
콤비네이션에는 뭐 뭐 들어가요?,콤비네이션에는 올리브 햄 페퍼로니 야채 많이 들어가고 팝핑이라고 불고기 조금 들어가요,토핑문의
토핑이 어떤 거 올라가요?,"모차렐라치즈, 리코타, 로마노 크림치즈, 콰트로 치즈 퐁듀, 와규 크럼블, 베이컨, 돼지고기, 고구마무스, 감자, 마요네즈, 토마토소스, 선 드라이 토마토, 코코넛 허니버터 파우더 그리고 이베리코 포크 이렇게 들어갑니다",토핑문의
목동 피자는 어떤 게 들어가요?,"목동 피자는 야채, 페퍼로니하고 조금 특별한 햄, 치즈가 올라가요",토핑문의
그거는 위에 토핑이 뭐가 들어가는 거예요?,새우랑 들어갑니다,토핑문의
치즈 크러스트 위에 토핑이 뭐가 있어요?,치즈 크러스트는 테두리 부분에 치즈가 들어가는 것입니다,토핑문의
아 그러면 위에 토핑이 뭐가 올라가요?,불고기 소고기하고 볶음김치 하셨습니다,토핑문의
아 골라요 어떤 거 어떤 거 있어요?,콤비네이션 불고기 페퍼로니 하와이안 치즈 야채 고구마무스 포테이토 화이트 콤비 핫불고기 고구마 이렇게 있습니다,토핑문의
토핑은 위에 어떤 거 얹어지나요?,토핑은 고르시면 됩니다,토핑문의
토핑은 야채나 이런 것들은 어떤 게 올려져 있나요?,양파나 여러 가지 기본 야채 브로콜리 그런 게 다 들어갑니다,토핑문의
토핑은 어떤 걸로 되어있나요?,예 그거는 선택하시는 거예요 다 14000원 똑같습니다,토핑문의
모든 피자에 토핑 추가가 안되는 거예요?,네 그렇게는 안되는 걸로 알고 있어요,토핑문의
그럼 불고기 피자는 기본으로 불고기 들어갈 거고 또 어떤 토핑이 올라가죠?,피망이랑 옥수수랑 스모크햄 같은 게 올라가요,토핑문의
불고기는 안 올라가요?,네,토핑문의
벌집 피자에 고구마 말고는 토핑은 어떤 게 올라가요?,일반적으로 올라가는 옥수수나 피망 올리브 스모크햄 이런 식으로 올라가요,토핑문의
오이 빼주실 수 있으세요?,네 가능합니다,특정재료첨삭요구
네 매운 짬뽕은 아주 맵게 해서 주세요,네 더 맵게요,특정재료첨삭요구
네 그리고 치즈랑 포테이토 추가 토핑 해주세요,포테이토 피자 파티 사이즈 우리 밀 도우에 치즈 포테이토 추가 토핑 맞죠?,특정재료첨삭요구
치즈 없는 피자 만들어주실 수 있나요?,네 가능합니다,특정재료첨삭요구
청양고추 빼주시면 안 돼요?,청양고추는 안 들어가지만 베트남 고추가 들어가서 많이 맵습니다,특정재료첨삭요구
토핑 종류가 여러 가진데 한 판에 여러 개 주문해도 되나요?,"한 판에 2개까지 가능하고, 원래 가격에서 2천 원 추가됩니다",특정재료첨삭요구
그러면 불고기 피자에는 토핑을 더 추가할 수 있나요?,아니요,특정재료첨삭요구
벌집 피자에 불고기를 추가해서는 주문 못하나요?,네 그렇게는 안돼요,특정재료첨삭요구
그러면 포장은 얼마인가요?,"프라이드 포장이 12000원이에요, 그리고 무는 500원씩이고요",포장가격문의
직접 찾으러 가면 할인되나요?,"네, 2000원 할인됩니다.",포장시할인문의
배달료를 따로 받던데 매장에서 받으면 다른가요?,네 저희는 매장 할인이 따로 있습니다,포장시할인문의
그러면 저희들 가지러 가면,할인 없습니다,포장시할인문의
그러면 배달하고 가지러 가면 가격 좀 더 할인되죠?,할인되는 건 없습니다 저희는 콜라 대짜 드립니다,포장시할인문의
가서 가지러 가면요?,30프로 됩니다,포장시할인문의
그러면 찾으러 가는 게 할인 많이 되네요?,금액이 크면 할인이 많아요,할인방법문의
전화로 하는 거나 앱으로 하는 거나 똑같은 거예요?,만약 통신사 카드가 없을 경우에 할인이 안되고요 찾으러 오셔야 할인이 됩니다,할인방법문의
할인 혜택 같은 건 있어요?,네 어플로 하시면 할인 혜택이 좀 있어요,할인정보문의
쿠폰이나 할인 혜택 같은 건 있나요?,평상시에 쿠폰이 같이 가고 배달의 민족에서 주문하시면 좀 더 저렴할 거예요,할인정보문의
할인 같은 건 없고요?,네 따로 없어요,할인정보문의
두 판 뭐 그런 거도 있어요?,지금 원형 피자 행사를 하고 있어요 두 판 해서 19900원입니다,할인정보문의
네 만약에 KT 하면 할인 몇 프로 되는데 예?,KT는 20프로입니다,할인정보문의
할인카드나 적립카드는 있습니까?,통신사 제휴카드는 할인이 되고 적립은 따로 없어요,할인정보문의
혹시 배달 앱으로 하면 더 저렴한가요?,배달 앱으로 할인을 받으면 저희 측에서는 할인이 다 안됩니다,할인정보문의
SK VIP인데 혹시 할인되죠?,30프로 됩니다,할인정보문의
혹시 할인 적용되는 건 있어요?,그런 건 따로 없는 것으로 알고 있어요,할인정보문의
그리고 40프로 하는 게 끝났나요?,네 끝났습니다,할인정보문의
근데 사십 프로 할인하는 거 맞죠?,사십 프로 그거는 포장만 할인됩니다,할인정보문의
요즘 거기 피자 모두 사십 프로 하고 있던데 맞아요?,포장하러 오셔야 해요,할인정보문의
피자 사십 프로 행사하고 있던데 맞아요?,포장하시면 사십 프로 할인되고 도미노 홈페이지 들어가셔서 주문을 해주셔야 합니다,할인정보문의
그럼 할인은 혹시 됩니까?,할인하면 보통 통신사 카드 15프로씩 다 되고요 SK vip 있으면 30프로 되고요,할인정보문의
만약에 통신사 카드 없이는 할인 안되는가요?,신용카드로는 삼성카드나 포인트가 있을 경우에는 30프로 되고요 현대카드는 포인트 있으시면 50프로 되고요,할인정보문의
네 할인쿠폰이 있는데 사용할 수 있습니까?,네 쿠폰 20프로 할인행사 진행 중입니다,할인쿠폰사용
위메프에서 오늘 구매한 맞쵸킹 천 원권 쓸 수 있나요?,고객님 죄송합니다만 맞쵸킹은 오늘 재료 소진으로 판매가 끝났습니다,할인쿠폰사용
할인쿠폰이 있는데 사용 가능한가요?,"네, 사용 가능합니다.",할인쿠폰사용
포인트 적립하고 이런 거는 없고요?,네,할인쿠폰적립카드문의
근데 여기요 적립은 따로 안돼요? 제가 몇 번 시켜 먹어봤는데,적립은 없고 쿠폰 나갑니다,할인쿠폰적립카드문의
할인 쿠폰이나 적립 카드 이런 건 있어요?,저희가 피자박스에 쿠폰이 달려있거든요,할인쿠폰적립카드문의
이번 주 일주일간 매일 한다던데 아닌가요?,그건 지난주였고요 이번 주는 없습니다,할인행사기간문의
매일 같이 행사해요?,오늘 화요일만 하고 있습니다,할인행사기간문의
일주일간 한다던데요,그건 저번 주에 끝났고요 매주 화요일마다 인터넷으로 하시면 사십 프로 할인합니다,할인행사기간문의
언제까지 할인행사해요?,매주 화요일에 하고 있어요,할인행사기간문의
현금 영수증 해주세요,네 번호 찍어주세요,현금영수증발행요청
현금영수증 되나요?,네 배달원분께 알려주시면 가능하십니다,현금영수증발행요청
현금 영수증도 해주세요,네 전화번호 알려주세요,현금영수증발행요청
현금하면 할인되고 그런 것도 있나요?,그런 건 따로 없습니다,현금할인문의
깐풍 익을 가지러 가면 가격은 다른가요?,가게 와서 갖고 가시면 22000원요,홀가격과배달가격차이문의
그럼 레귤러는?,구천구백 원입니다,홀가격과배달가격차이문의
그럼 여기서는 얼만데요?,만 천구백 원입니다,홀가격과배달가격차이문의
홀에서도 먹을 수 있나요?,네,홀식사문의
그러면 혹시나 저희가 직접 가서 먹을 수 있는 자리도 있나요?,네 저희는 홀도 있어요,홀식사문의
오늘 영업하나요?,네 영업하고 있습니다.,휴일문의
일요일도 하세요?,네 열두시부터 열두시까지 합니다,휴일문의
토요일은 하세요,토요일 한시까지 하거든요,휴일문의
